experiment_id,question_id,question,category,generator_model,verifier_model,pair_type,trial_num,base_answer,mutation_set_hash,hallucination_score,classification,not_sure_rate,threshold
973938fa-4be8-4522-b8a7-2f7e1ff68aa2,q001,Who wrote the play Hamlet?,named_entity,model-a,model-a,same,1,William Shakespeare wrote Hamlet.,03d8603e7fbc90b5713f1a2ec32d11c548ebf20a9e020141ec622a6c8b120127,0.0,Reliable,0.0,0.5
973938fa-4be8-4522-b8a7-2f7e1ff68aa2,q001,Who wrote the play Hamlet?,named_entity,model-a,model-b,cross,1,William Shakespeare wrote Hamlet.,03d8603e7fbc90b5713f1a2ec32d11c548ebf20a9e020141ec622a6c8b120127,1.0,Hallucinated,0.0,0.5
973938fa-4be8-4522-b8a7-2f7e1ff68aa2,q001,Who wrote the play Hamlet?,named_entity,model-b,model-a,cross,1,Alternative statement: William Shakespeare wrote Hamlet.,03d8603e7fbc90b5713f1a2ec32d11c548ebf20a9e020141ec622a6c8b120127,0.0,Reliable,0.0,0.5
973938fa-4be8-4522-b8a7-2f7e1ff68aa2,q001,Who wrote the play Hamlet?,named_entity,model-b,model-b,same,1,Alternative statement: William Shakespeare wrote Hamlet.,03d8603e7fbc90b5713f1a2ec32d11c548ebf20a9e020141ec622a6c8b120127,1.0,Hallucinated,0.0,0.5
973938fa-4be8-4522-b8a7-2f7e1ff68aa2,q002,Who painted the Mona Lisa?,named_entity,model-a,model-a,same,1,The Mona Lisa was painted by Pablo Picasso.,03d8603e7fbc90b5713f1a2ec32d11c548ebf20a9e020141ec622a6c8b120127,0.0,Reliable,0.0,0.5
973938fa-4be8-4522-b8a7-2f7e1ff68aa2,q002,Who painted the Mona Lisa?,named_entity,model-a,model-b,cross,1,The Mona Lisa was painted by Pablo Picasso.,03d8603e7fbc90b5713f1a2ec32d11c548ebf20a9e020141ec622a6c8b120127,1.0,Hallucinated,0.0,0.5
973938fa-4be8-4522-b8a7-2f7e1ff68aa2,q002,Who painted the Mona Lisa?,named_entity,model-b,model-a,cross,1,Alternative statement: The Mona Lisa was painted by Pablo Picasso.,03d8603e7fbc90b5713f1a2ec32d11c548ebf20a9e020141ec622a6c8b120127,0.0,Reliable,0.0,0.5
973938fa-4be8-4522-b8a7-2f7e1ff68aa2,q002,Who painted the Mona Lisa?,named_entity,model-b,model-b,same,1,Alternative statement: The Mona Lisa was painted by Pablo Picasso.,03d8603e7fbc90b5713f1a2ec32d11c548ebf20a9e020141ec622a6c8b120127,1.0,Hallucinated,0.0,0.5
973938fa-4be8-4522-b8a7-2f7e1ff68aa2,q003,Who discovered penicillin?,named_entity,model-a,model-a,same,1,Alexander Fleming discovered penicillin.,03d8603e7fbc90b5713f1a2ec32d11c548ebf20a9e020141ec622a6c8b120127,0.0,Reliable,0.0,0.5
973938fa-4be8-4522-b8a7-2f7e1ff68aa2,q003,Who discovered penicillin?,named_entity,model-a,model-b,cross,1,Alexander Fleming discovered penicillin.,03d8603e7fbc90b5713f1a2ec32d11c548ebf20a9e020141ec622a6c8b120127,1.0,Hallucinated,0.0,0.5
973938fa-4be8-4522-b8a7-2f7e1ff68aa2,q003,Who discovered penicillin?,named_entity,model-b,model-a,cross,1,Alternative statement: Alexander Fleming discovered penicillin.,03d8603e7fbc90b5713f1a2ec32d11c548ebf20a9e020141ec622a6c8b120127,0.0,Reliable,0.0,0.5
973938fa-4be8-4522-b8a7-2f7e1ff68aa2,q003,Who discovered penicillin?,named_entity,model-b,model-b,same,1,Alternative statement: Alexander Fleming discovered penicillin.,03d8603e7fbc90b5713f1a2ec32d11c548ebf20a9e020141ec622a6c8b120127,1.0,Hallucinated,0.0,0.5
973938fa-4be8-4522-b8a7-2f7e1ff68aa2,q004,Who was the first person to walk on the Moon?,named_entity,model-a,model-a,same,1,Buzz Aldrin was the first person to walk on the Moon.,03d8603e7fbc90b5713f1a2ec32d11c548ebf20a9e020141ec622a6c8b120127,0.0,Reliable,0.0,0.5
973938fa-4be8-4522-b8a7-2f7e1ff68aa2,q004,Who was the first person to walk on the Moon?,named_entity,model-a,model-b,cross,1,Buzz Aldrin was the first person to walk on the Moon.,03d8603e7fbc90b5713f1a2ec32d11c548ebf20a9e020141ec622a6c8b120127,1.0,Hallucinated,0.0,0.5
973938fa-4be8-4522-b8a7-2f7e1ff68aa2,q004,Who was the first person to walk on the Moon?,named_entity,model-b,model-a,cross,1,Alternative statement: Buzz Aldrin was the first person to walk on the Moon.,03d8603e7fbc90b5713f1a2ec32d11c548ebf20a9e020141ec622a6c8b120127,0.0,Reliable,0.0,0.5
973938fa-4be8-4522-b8a7-2f7e1ff68aa2,q004,Who was the first person to walk on the Moon?,named_entity,model-b,model-b,same,1,Alternative statement: Buzz Aldrin was the first person to walk on the Moon.,03d8603e7fbc90b5713f1a2ec32d11c548ebf20a9e020141ec622a6c8b120127,1.0,Hallucinated,0.0,0.5
973938fa-4be8-4522-b8a7-2f7e1ff68aa2,q005,Who proposed the theory of general relativity?,named_entity,model-a,model-a,same,1,Albert Einstein proposed the theory of general relativity.,03d8603e7fbc90b5713f1a2ec32d11c548ebf20a9e020141ec622a6c8b120127,0.0,Reliable,0.0,0.5
973938fa-4be8-4522-b8a7-2f7e1ff68aa2,q005,Who proposed the theory of general relativity?,named_entity,model-a,model-b,cross,1,Albert Einstein proposed the theory of general relativity.,03d8603e7fbc90b5713f1a2ec32d11c548ebf20a9e020141ec622a6c8b120127,1.0,Hallucinated,0.0,0.5
973938fa-4be8-4522-b8a7-2f7e1ff68aa2,q005,Who proposed the theory of general relativity?,named_entity,model-b,model-a,cross,1,Alternative statement: Albert Einstein proposed the theory of general relativity.,03d8603e7fbc90b5713f1a2ec32d11c548ebf20a9e020141ec622a6c8b120127,0.0,Reliable,0.0,0.5
973938fa-4be8-4522-b8a7-2f7e1ff68aa2,q005,Who proposed the theory of general relativity?,named_entity,model-b,model-b,same,1,Alternative statement: Albert Einstein proposed the theory of general relativity.,03d8603e7fbc90b5713f1a2ec32d11c548ebf20a9e020141ec622a6c8b120127,1.0,Hallucinated,0.0,0.5
973938fa-4be8-4522-b8a7-2f7e1ff68aa2,q006,Who is the author of Pride and Prejudice?,named_entity,model-a,model-a,same,1,Pride and Prejudice was written by Charles Dickens.,03d8603e7fbc90b5713f1a2ec32d11c548ebf20a9e020141ec622a6c8b120127,0.0,Reliable,0.0,0.5
973938fa-4be8-4522-b8a7-2f7e1ff68aa2,q006,Who is the author of Pride and Prejudice?,named_entity,model-a,model-b,cross,1,Pride and Prejudice was written by Charles Dickens.,03d8603e7fbc90b5713f1a2ec32d11c548ebf20a9e020141ec622a6c8b120127,1.0,Hallucinated,0.0,0.5
973938fa-4be8-4522-b8a7-2f7e1ff68aa2,q006,Who is the author of Pride and Prejudice?,named_entity,model-b,model-a,cross,1,Alternative statement: Pride and Prejudice was written by Charles Dickens.,03d8603e7fbc90b5713f1a2ec32d11c548ebf20a9e020141ec622a6c8b120127,0.0,Reliable,0.0,0.5
973938fa-4be8-4522-b8a7-2f7e1ff68aa2,q006,Who is the author of Pride and Prejudice?,named_entity,model-b,model-b,same,1,Alternative statement: Pride and Prejudice was written by Charles Dickens.,03d8603e7fbc90b5713f1a2ec32d11c548ebf20a9e020141ec622a6c8b120127,1.0,Hallucinated,0.0,0.5
973938fa-4be8-4522-b8a7-2f7e1ff68aa2,q007,Who developed the polio vaccine widely credited in 1955?,named_entity,model-a,model-a,same,1,Jonas Salk developed the polio vaccine.,03d8603e7fbc90b5713f1a2ec32d11c548ebf20a9e020141ec622a6c8b120127,0.0,Reliable,0.0,0.5
973938fa-4be8-4522-b8a7-2f7e1ff68aa2,q007,Who developed the polio vaccine widely credited in 1955?,named_entity,model-a,model-b,cross,1,Jonas Salk developed the polio vaccine.,03d8603e7fbc90b5713f1a2ec32d11c548ebf20a9e020141ec622a6c8b120127,1.0,Hallucinated,0.0,0.5
973938fa-4be8-4522-b8a7-2f7e1ff68aa2,q007,Who developed the polio vaccine widely credited in 1955?,named_entity,model-b,model-a,cross,1,Alternative statement: Jonas Salk developed the polio vaccine.,03d8603e7fbc90b5713f1a2ec32d11c548ebf20a9e020141ec622a6c8b120127,0.0,Reliable,0.0,0.5
973938fa-4be8-4522-b8a7-2f7e1ff68aa2,q007,Who developed the polio vaccine widely credited in 1955?,named_entity,model-b,model-b,same,1,Alternative statement: Jonas Salk developed the polio vaccine.,03d8603e7fbc90b5713f1a2ec32d11c548ebf20a9e020141ec622a6c8b120127,1.0,Hallucinated,0.0,0.5
973938fa-4be8-4522-b8a7-2f7e1ff68aa2,q008,Who composed the Four Seasons concertos?,named_entity,model-a,model-a,same,1,Johann Sebastian Bach composed the Four Seasons.,03d8603e7fbc90b5713f1a2ec32d11c548ebf20a9e020141ec622a6c8b120127,0.0,Reliable,0.0,0.5
973938fa-4be8-4522-b8a7-2f7e1ff68aa2,q008,Who composed the Four Seasons concertos?,named_entity,model-a,model-b,cross,1,Johann Sebastian Bach composed the Four Seasons.,03d8603e7fbc90b5713f1a2ec32d11c548ebf20a9e020141ec622a6c8b120127,1.0,Hallucinated,0.0,0.5
973938fa-4be8-4522-b8a7-2f7e1ff68aa2,q008,Who composed the Four Seasons concertos?,named_entity,model-b,model-a,cross,1,Alternative statement: Johann Sebastian Bach composed the Four Seasons.,03d8603e7fbc90b5713f1a2ec32d11c548ebf20a9e020141ec622a6c8b120127,0.0,Reliable,0.0,0.5
973938fa-4be8-4522-b8a7-2f7e1ff68aa2,q008,Who composed the Four Seasons concertos?,named_entity,model-b,model-b,same,1,Alternative statement: Johann Sebastian Bach composed the Four Seasons.,03d8603e7fbc90b5713f1a2ec32d11c548ebf20a9e020141ec622a6c8b120127,1.0,Hallucinated,0.0,0.5
973938fa-4be8-4522-b8a7-2f7e1ff68aa2,q009,What is the capital of France?,location,model-a,model-a,same,1,The capital of France is Paris.,03d8603e7fbc90b5713f1a2ec32d11c548ebf20a9e020141ec622a6c8b120127,0.0,Reliable,0.0,0.5
973938fa-4be8-4522-b8a7-2f7e1ff68aa2,q009,What is the capital of France?,location,model-a,model-b,cross,1,The capital of France is Paris.,03d8603e7fbc90b5713f1a2ec32d11c548ebf20a9e020141ec622a6c8b120127,1.0,Hallucinated,0.0,0.5
973938fa-4be8-4522-b8a7-2f7e1ff68aa2,q009,What is the capital of France?,location,model-b,model-a,cross,1,Alternative statement: The capital of France is Paris.,03d8603e7fbc90b5713f1a2ec32d11c548ebf20a9e020141ec622a6c8b120127,0.0,Reliable,0.0,0.5
973938fa-4be8-4522-b8a7-2f7e1ff68aa2,q009,What is the capital of France?,location,model-b,model-b,same,1,Alternative statement: The capital of France is Paris.,03d8603e7fbc90b5713f1a2ec32d11c548ebf20a9e020141ec622a6c8b120127,1.0,Hallucinated,0.0,0.5
973938fa-4be8-4522-b8a7-2f7e1ff68aa2,q010,What is the capital of Australia?,location,model-a,model-a,same,1,The capital of Australia is Sydney.,03d8603e7fbc90b5713f1a2ec32d11c548ebf20a9e020141ec622a6c8b120127,0.0,Reliable,0.0,0.5
973938fa-4be8-4522-b8a7-2f7e1ff68aa2,q010,What is the capital of Australia?,location,model-a,model-b,cross,1,The capital of Australia is Sydney.,03d8603e7fbc90b5713f1a2ec32d11c548ebf20a9e020141ec622a6c8b120127,1.0,Hallucinated,0.0,0.5
973938fa-4be8-4522-b8a7-2f7e1ff68aa2,q010,What is the capital of Australia?,location,model-b,model-a,cross,1,Alternative statement: The capital of Australia is Sydney.,03d8603e7fbc90b5713f1a2ec32d11c548ebf20a9e020141ec622a6c8b120127,0.0,Reliable,0.0,0.5
973938fa-4be8-4522-b8a7-2f7e1ff68aa2,q010,What is the capital of Australia?,location,model-b,model-b,same,1,Alternative statement: The capital of Australia is Sydney.,03d8603e7fbc90b5713f1a2ec32d11c548ebf20a9e020141ec622a6c8b120127,1.0,Hallucinated,0.0,0.5
973938fa-4be8-4522-b8a7-2f7e1ff68aa2,q011,What is the capital of Japan?,location,model-a,model-a,same,1,Tokyo is the capital of Japan.,03d8603e7fbc90b5713f1a2ec32d11c548ebf20a9e020141ec622a6c8b120127,0.0,Reliable,0.0,0.5
973938fa-4be8-4522-b8a7-2f7e1ff68aa2,q011,What is the capital of Japan?,location,model-a,model-b,cross,1,Tokyo is the capital of Japan.,03d8603e7fbc90b5713f1a2ec32d11c548ebf20a9e020141ec622a6c8b120127,1.0,Hallucinated,0.0,0.5
973938fa-4be8-4522-b8a7-2f7e1ff68aa2,q011,What is the capital of Japan?,location,model-b,model-a,cross,1,Alternative statement: Tokyo is the capital of Japan.,03d8603e7fbc90b5713f1a2ec32d11c548ebf20a9e020141ec622a6c8b120127,0.0,Reliable,0.0,0.5
973938fa-4be8-4522-b8a7-2f7e1ff68aa2,q011,What is the capital of Japan?,location,model-b,model-b,same,1,Alternative statement: Tokyo is the capital of Japan.,03d8603e7fbc90b5713f1a2ec32d11c548ebf20a9e020141ec622a6c8b120127,1.0,Hallucinated,0.0,0.5
973938fa-4be8-4522-b8a7-2f7e1ff68aa2,q012,Which is generally considered the longest river in the world by most standard references?,location,model-a,model-a,same,1,The Amazon is the longest river in the world.,03d8603e7fbc90b5713f1a2ec32d11c548ebf20a9e020141ec622a6c8b120127,0.0,Reliable,0.0,0.5
973938fa-4be8-4522-b8a7-2f7e1ff68aa2,q012,Which is generally considered the longest river in the world by most standard references?,location,model-a,model-b,cross,1,The Amazon is the longest river in the world.,03d8603e7fbc90b5713f1a2ec32d11c548ebf20a9e020141ec622a6c8b120127,1.0,Hallucinated,0.0,0.5
973938fa-4be8-4522-b8a7-2f7e1ff68aa2,q012,Which is generally considered the longest river in the world by most standard references?,location,model-b,model-a,cross,1,Alternative statement: The Amazon is the longest river in the world.,03d8603e7fbc90b5713f1a2ec32d11c548ebf20a9e020141ec622a6c8b120127,0.0,Reliable,0.0,0.5
973938fa-4be8-4522-b8a7-2f7e1ff68aa2,q012,Which is generally considered the longest river in the world by most standard references?,location,model-b,model-b,same,1,Alternative statement: The Amazon is the longest river in the world.,03d8603e7fbc90b5713f1a2ec32d11c548ebf20a9e020141ec622a6c8b120127,1.0,Hallucinated,0.0,0.5
973938fa-4be8-4522-b8a7-2f7e1ff68aa2,q013,On which continent is Egypt located?,location,model-a,model-a,same,1,Egypt is located in Africa.,03d8603e7fbc90b5713f1a2ec32d11c548ebf20a9e020141ec622a6c8b120127,0.0,Reliable,0.0,0.5
973938fa-4be8-4522-b8a7-2f7e1ff68aa2,q013,On which continent is Egypt located?,location,model-a,model-b,cross,1,Egypt is located in Africa.,03d8603e7fbc90b5713f1a2ec32d11c548ebf20a9e020141ec622a6c8b120127,1.0,Hallucinated,0.0,0.5
973938fa-4be8-4522-b8a7-2f7e1ff68aa2,q013,On which continent is Egypt located?,location,model-b,model-a,cross,1,Alternative statement: Egypt is located in Africa.,03d8603e7fbc90b5713f1a2ec32d11c548ebf20a9e020141ec622a6c8b120127,0.0,Reliable,0.0,0.5
973938fa-4be8-4522-b8a7-2f7e1ff68aa2,q013,On which continent is Egypt located?,location,model-b,model-b,same,1,Alternative statement: Egypt is located in Africa.,03d8603e7fbc90b5713f1a2ec32d11c548ebf20a9e020141ec622a6c8b120127,1.0,Hallucinated,0.0,0.5
973938fa-4be8-4522-b8a7-2f7e1ff68aa2,q014,What is the largest ocean on Earth?,location,model-a,model-a,same,1,The largest ocean on Earth is the Atlantic Ocean.,03d8603e7fbc90b5713f1a2ec32d11c548ebf20a9e020141ec622a6c8b120127,0.0,Reliable,0.0,0.5
973938fa-4be8-4522-b8a7-2f7e1ff68aa2,q014,What is the largest ocean on Earth?,location,model-a,model-b,cross,1,The largest ocean on Earth is the Atlantic Ocean.,03d8603e7fbc90b5713f1a2ec32d11c548ebf20a9e020141ec622a6c8b120127,1.0,Hallucinated,0.0,0.5
973938fa-4be8-4522-b8a7-2f7e1ff68aa2,q014,What is the largest ocean on Earth?,location,model-b,model-a,cross,1,Alternative statement: The largest ocean on Earth is the Atlantic Ocean.,03d8603e7fbc90b5713f1a2ec32d11c548ebf20a9e020141ec622a6c8b120127,0.0,Reliable,0.0,0.5
973938fa-4be8-4522-b8a7-2f7e1ff68aa2,q014,What is the largest ocean on Earth?,location,model-b,model-b,same,1,Alternative statement: The largest ocean on Earth is the Atlantic Ocean.,03d8603e7fbc90b5713f1a2ec32d11c548ebf20a9e020141ec622a6c8b120127,1.0,Hallucinated,0.0,0.5
973938fa-4be8-4522-b8a7-2f7e1ff68aa2,q015,What is the highest mountain above sea level?,location,model-a,model-a,same,1,Mount Everest is the highest mountain above sea level.,03d8603e7fbc90b5713f1a2ec32d11c548ebf20a9e020141ec622a6c8b120127,0.0,Reliable,0.0,0.5
973938fa-4be8-4522-b8a7-2f7e1ff68aa2,q015,What is the highest mountain above sea level?,location,model-a,model-b,cross,1,Mount Everest is the highest mountain above sea level.,03d8603e7fbc90b5713f1a2ec32d11c548ebf20a9e020141ec622a6c8b120127,1.0,Hallucinated,0.0,0.5
973938fa-4be8-4522-b8a7-2f7e1ff68aa2,q015,What is the highest mountain above sea level?,location,model-b,model-a,cross,1,Alternative statement: Mount Everest is the highest mountain above sea level.,03d8603e7fbc90b5713f1a2ec32d11c548ebf20a9e020141ec622a6c8b120127,0.0,Reliable,0.0,0.5
973938fa-4be8-4522-b8a7-2f7e1ff68aa2,q015,What is the highest mountain above sea level?,location,model-b,model-b,same,1,Alternative statement: Mount Everest is the highest mountain above sea level.,03d8603e7fbc90b5713f1a2ec32d11c548ebf20a9e020141ec622a6c8b120127,1.0,Hallucinated,0.0,0.5
973938fa-4be8-4522-b8a7-2f7e1ff68aa2,q016,What is the capital of Canada?,location,model-a,model-a,same,1,The capital of Canada is Toronto.,03d8603e7fbc90b5713f1a2ec32d11c548ebf20a9e020141ec622a6c8b120127,0.0,Reliable,0.0,0.5
973938fa-4be8-4522-b8a7-2f7e1ff68aa2,q016,What is the capital of Canada?,location,model-a,model-b,cross,1,The capital of Canada is Toronto.,03d8603e7fbc90b5713f1a2ec32d11c548ebf20a9e020141ec622a6c8b120127,1.0,Hallucinated,0.0,0.5
973938fa-4be8-4522-b8a7-2f7e1ff68aa2,q016,What is the capital of Canada?,location,model-b,model-a,cross,1,Alternative statement: The capital of Canada is Toronto.,03d8603e7fbc90b5713f1a2ec32d11c548ebf20a9e020141ec622a6c8b120127,0.0,Reliable,0.0,0.5
973938fa-4be8-4522-b8a7-2f7e1ff68aa2,q016,What is the capital of Canada?,location,model-b,model-b,same,1,Alternative statement: The capital of Canada is Toronto.,03d8603e7fbc90b5713f1a2ec32d11c548ebf20a9e020141ec622a6c8b120127,1.0,Hallucinated,0.0,0.5
973938fa-4be8-4522-b8a7-2f7e1ff68aa2,q017,In what year did humans first land on the Moon?,date,model-a,model-a,same,1,Humans first landed on the Moon in 1969.,03d8603e7fbc90b5713f1a2ec32d11c548ebf20a9e020141ec622a6c8b120127,0.0,Reliable,0.0,0.5
973938fa-4be8-4522-b8a7-2f7e1ff68aa2,q017,In what year did humans first land on the Moon?,date,model-a,model-b,cross,1,Humans first landed on the Moon in 1969.,03d8603e7fbc90b5713f1a2ec32d11c548ebf20a9e020141ec622a6c8b120127,1.0,Hallucinated,0.0,0.5
973938fa-4be8-4522-b8a7-2f7e1ff68aa2,q017,In what year did humans first land on the Moon?,date,model-b,model-a,cross,1,Alternative statement: Humans first landed on the Moon in 1969.,03d8603e7fbc90b5713f1a2ec32d11c548ebf20a9e020141ec622a6c8b120127,0.0,Reliable,0.0,0.5
973938fa-4be8-4522-b8a7-2f7e1ff68aa2,q017,In what year did humans first land on the Moon?,date,model-b,model-b,same,1,Alternative statement: Humans first landed on the Moon in 1969.,03d8603e7fbc90b5713f1a2ec32d11c548ebf20a9e020141ec622a6c8b120127,1.0,Hallucinated,0.0,0.5
973938fa-4be8-4522-b8a7-2f7e1ff68aa2,q018,In what year did World War II end?,date,model-a,model-a,same,1,World War II ended in 1944.,03d8603e7fbc90b5713f1a2ec32d11c548ebf20a9e020141ec622a6c8b120127,0.0,Reliable,0.0,0.5
973938fa-4be8-4522-b8a7-2f7e1ff68aa2,q018,In what year did World War II end?,date,model-a,model-b,cross,1,World War II ended in 1944.,03d8603e7fbc90b5713f1a2ec32d11c548ebf20a9e020141ec622a6c8b120127,1.0,Hallucinated,0.0,0.5
973938fa-4be8-4522-b8a7-2f7e1ff68aa2,q018,In what year did World War II end?,date,model-b,model-a,cross,1,Alternative statement: World War II ended in 1944.,03d8603e7fbc90b5713f1a2ec32d11c548ebf20a9e020141ec622a6c8b120127,0.0,Reliable,0.0,0.5
973938fa-4be8-4522-b8a7-2f7e1ff68aa2,q018,In what year did World War II end?,date,model-b,model-b,same,1,Alternative statement: World War II ended in 1944.,03d8603e7fbc90b5713f1a2ec32d11c548ebf20a9e020141ec622a6c8b120127,1.0,Hallucinated,0.0,0.5
973938fa-4be8-4522-b8a7-2f7e1ff68aa2,q019,In what year did India become independent?,date,model-a,model-a,same,1,India became independent in 1947.,03d8603e7fbc90b5713f1a2ec32d11c548ebf20a9e020141ec622a6c8b120127,0.0,Reliable,0.0,0.5
973938fa-4be8-4522-b8a7-2f7e1ff68aa2,q019,In what year did India become independent?,date,model-a,model-b,cross,1,India became independent in 1947.,03d8603e7fbc90b5713f1a2ec32d11c548ebf20a9e020141ec622a6c8b120127,1.0,Hallucinated,0.0,0.5
973938fa-4be8-4522-b8a7-2f7e1ff68aa2,q019,In what year did India become independent?,date,model-b,model-a,cross,1,Alternative statement: India became independent in 1947.,03d8603e7fbc90b5713f1a2ec32d11c548ebf20a9e020141ec622a6c8b120127,0.0,Reliable,0.0,0.5
973938fa-4be8-4522-b8a7-2f7e1ff68aa2,q019,In what year did India become independent?,date,model-b,model-b,same,1,Alternative statement: India became independent in 1947.,03d8603e7fbc90b5713f1a2ec32d11c548ebf20a9e020141ec622a6c8b120127,1.0,Hallucinated,0.0,0.5
973938fa-4be8-4522-b8a7-2f7e1ff68aa2,q020,In what year did the Berlin Wall fall?,date,model-a,model-a,same,1,The Berlin Wall fell in 1991.,03d8603e7fbc90b5713f1a2ec32d11c548ebf20a9e020141ec622a6c8b120127,0.0,Reliable,0.0,0.5
973938fa-4be8-4522-b8a7-2f7e1ff68aa2,q020,In what year did the Berlin Wall fall?,date,model-a,model-b,cross,1,The Berlin Wall fell in 1991.,03d8603e7fbc90b5713f1a2ec32d11c548ebf20a9e020141ec622a6c8b120127,1.0,Hallucinated,0.0,0.5
973938fa-4be8-4522-b8a7-2f7e1ff68aa2,q020,In what year did the Berlin Wall fall?,date,model-b,model-a,cross,1,Alternative statement: The Berlin Wall fell in 1991.,03d8603e7fbc90b5713f1a2ec32d11c548ebf20a9e020141ec622a6c8b120127,0.0,Reliable,0.0,0.5
973938fa-4be8-4522-b8a7-2f7e1ff68aa2,q020,In what year did the Berlin Wall fall?,date,model-b,model-b,same,1,Alternative statement: The Berlin Wall fell in 1991.,03d8603e7fbc90b5713f1a2ec32d11c548ebf20a9e020141ec622a6c8b120127,1.0,Hallucinated,0.0,0.5
973938fa-4be8-4522-b8a7-2f7e1ff68aa2,q021,In what year did the Titanic sink?,date,model-a,model-a,same,1,The Titanic sank in 1912.,03d8603e7fbc90b5713f1a2ec32d11c548ebf20a9e020141ec622a6c8b120127,0.0,Reliable,0.0,0.5
973938fa-4be8-4522-b8a7-2f7e1ff68aa2,q021,In what year did the Titanic sink?,date,model-a,model-b,cross,1,The Titanic sank in 1912.,03d8603e7fbc90b5713f1a2ec32d11c548ebf20a9e020141ec622a6c8b120127,1.0,Hallucinated,0.0,0.5
973938fa-4be8-4522-b8a7-2f7e1ff68aa2,q021,In what year did the Titanic sink?,date,model-b,model-a,cross,1,Alternative statement: The Titanic sank in 1912.,03d8603e7fbc90b5713f1a2ec32d11c548ebf20a9e020141ec622a6c8b120127,0.0,Reliable,0.0,0.5
973938fa-4be8-4522-b8a7-2f7e1ff68aa2,q021,In what year did the Titanic sink?,date,model-b,model-b,same,1,Alternative statement: The Titanic sank in 1912.,03d8603e7fbc90b5713f1a2ec32d11c548ebf20a9e020141ec622a6c8b120127,1.0,Hallucinated,0.0,0.5
973938fa-4be8-4522-b8a7-2f7e1ff68aa2,q022,In what year did the first powered airplane flight by the Wright brothers occur?,date,model-a,model-a,same,1,The Wright brothers first flew in 1908.,03d8603e7fbc90b5713f1a2ec32d11c548ebf20a9e020141ec622a6c8b120127,0.0,Reliable,0.0,0.5
973938fa-4be8-4522-b8a7-2f7e1ff68aa2,q022,In what year did the first powered airplane flight by the Wright brothers occur?,date,model-a,model-b,cross,1,The Wright brothers first flew in 1908.,03d8603e7fbc90b5713f1a2ec32d11c548ebf20a9e020141ec622a6c8b120127,1.0,Hallucinated,0.0,0.5
973938fa-4be8-4522-b8a7-2f7e1ff68aa2,q022,In what year did the first powered airplane flight by the Wright brothers occur?,date,model-b,model-a,cross,1,Alternative statement: The Wright brothers first flew in 1908.,03d8603e7fbc90b5713f1a2ec32d11c548ebf20a9e020141ec622a6c8b120127,0.0,Reliable,0.0,0.5
973938fa-4be8-4522-b8a7-2f7e1ff68aa2,q022,In what year did the first powered airplane flight by the Wright brothers occur?,date,model-b,model-b,same,1,Alternative statement: The Wright brothers first flew in 1908.,03d8603e7fbc90b5713f1a2ec32d11c548ebf20a9e020141ec622a6c8b120127,1.0,Hallucinated,0.0,0.5
973938fa-4be8-4522-b8a7-2f7e1ff68aa2,q023,In what year did the United States Declaration of Independence get adopted?,date,model-a,model-a,same,1,The Declaration of Independence was adopted in 1776.,03d8603e7fbc90b5713f1a2ec32d11c548ebf20a9e020141ec622a6c8b120127,0.0,Reliable,0.0,0.5
973938fa-4be8-4522-b8a7-2f7e1ff68aa2,q023,In what year did the United States Declaration of Independence get adopted?,date,model-a,model-b,cross,1,The Declaration of Independence was adopted in 1776.,03d8603e7fbc90b5713f1a2ec32d11c548ebf20a9e020141ec622a6c8b120127,1.0,Hallucinated,0.0,0.5
973938fa-4be8-4522-b8a7-2f7e1ff68aa2,q023,In what year did the United States Declaration of Independence get adopted?,date,model-b,model-a,cross,1,Alternative statement: The Declaration of Independence was adopted in 1776.,03d8603e7fbc90b5713f1a2ec32d11c548ebf20a9e020141ec622a6c8b120127,0.0,Reliable,0.0,0.5
973938fa-4be8-4522-b8a7-2f7e1ff68aa2,q023,In what year did the United States Declaration of Independence get adopted?,date,model-b,model-b,same,1,Alternative statement: The Declaration of Independence was adopted in 1776.,03d8603e7fbc90b5713f1a2ec32d11c548ebf20a9e020141ec622a6c8b120127,1.0,Hallucinated,0.0,0.5
973938fa-4be8-4522-b8a7-2f7e1ff68aa2,q024,In what year did the Chernobyl nuclear disaster occur?,date,model-a,model-a,same,1,The Chernobyl disaster occurred in 1984.,03d8603e7fbc90b5713f1a2ec32d11c548ebf20a9e020141ec622a6c8b120127,0.0,Reliable,0.0,0.5
973938fa-4be8-4522-b8a7-2f7e1ff68aa2,q024,In what year did the Chernobyl nuclear disaster occur?,date,model-a,model-b,cross,1,The Chernobyl disaster occurred in 1984.,03d8603e7fbc90b5713f1a2ec32d11c548ebf20a9e020141ec622a6c8b120127,1.0,Hallucinated,0.0,0.5
973938fa-4be8-4522-b8a7-2f7e1ff68aa2,q024,In what year did the Chernobyl nuclear disaster occur?,date,model-b,model-a,cross,1,Alternative statement: The Chernobyl disaster occurred in 1984.,03d8603e7fbc90b5713f1a2ec32d11c548ebf20a9e020141ec622a6c8b120127,0.0,Reliable,0.0,0.5
973938fa-4be8-4522-b8a7-2f7e1ff68aa2,q024,In what year did the Chernobyl nuclear disaster occur?,date,model-b,model-b,same,1,Alternative statement: The Chernobyl disaster occurred in 1984.,03d8603e7fbc90b5713f1a2ec32d11c548ebf20a9e020141ec622a6c8b120127,1.0,Hallucinated,0.0,0.5
973938fa-4be8-4522-b8a7-2f7e1ff68aa2,q025,How many continents are there on Earth in the conventional seven-continent model?,numeric,model-a,model-a,same,1,There are 7 continents.,03d8603e7fbc90b5713f1a2ec32d11c548ebf20a9e020141ec622a6c8b120127,0.0,Reliable,0.0,0.5
973938fa-4be8-4522-b8a7-2f7e1ff68aa2,q025,How many continents are there on Earth in the conventional seven-continent model?,numeric,model-a,model-b,cross,1,There are 7 continents.,03d8603e7fbc90b5713f1a2ec32d11c548ebf20a9e020141ec622a6c8b120127,1.0,Hallucinated,0.0,0.5
973938fa-4be8-4522-b8a7-2f7e1ff68aa2,q025,How many continents are there on Earth in the conventional seven-continent model?,numeric,model-b,model-a,cross,1,Alternative statement: There are 7 continents.,03d8603e7fbc90b5713f1a2ec32d11c548ebf20a9e020141ec622a6c8b120127,0.0,Reliable,0.0,0.5
973938fa-4be8-4522-b8a7-2f7e1ff68aa2,q025,How many continents are there on Earth in the conventional seven-continent model?,numeric,model-b,model-b,same,1,Alternative statement: There are 7 continents.,03d8603e7fbc90b5713f1a2ec32d11c548ebf20a9e020141ec622a6c8b120127,1.0,Hallucinated,0.0,0.5
973938fa-4be8-4522-b8a7-2f7e1ff68aa2,q026,What is the atomic number of carbon?,numeric,model-a,model-a,same,1,The atomic number of carbon is 12.,03d8603e7fbc90b5713f1a2ec32d11c548ebf20a9e020141ec622a6c8b120127,0.0,Reliable,0.0,0.5
973938fa-4be8-4522-b8a7-2f7e1ff68aa2,q026,What is the atomic number of carbon?,numeric,model-a,model-b,cross,1,The atomic number of carbon is 12.,03d8603e7fbc90b5713f1a2ec32d11c548ebf20a9e020141ec622a6c8b120127,1.0,Hallucinated,0.0,0.5
973938fa-4be8-4522-b8a7-2f7e1ff68aa2,q026,What is the atomic number of carbon?,numeric,model-b,model-a,cross,1,Alternative statement: The atomic number of carbon is 12.,03d8603e7fbc90b5713f1a2ec32d11c548ebf20a9e020141ec622a6c8b120127,0.0,Reliable,0.0,0.5
973938fa-4be8-4522-b8a7-2f7e1ff68aa2,q026,What is the atomic number of carbon?,numeric,model-b,model-b,same,1,Alternative statement: The atomic number of carbon is 12.,03d8603e7fbc90b5713f1a2ec32d11c548ebf20a9e020141ec622a6c8b120127,1.0,Hallucinated,0.0,0.5
973938fa-4be8-4522-b8a7-2f7e1ff68aa2,q027,How many degrees are in a full circle?,numeric,model-a,model-a,same,1,A full circle has 360 degrees.,03d8603e7fbc90b5713f1a2ec32d11c548ebf20a9e020141ec622a6c8b120127,0.0,Reliable,0.0,0.5
973938fa-4be8-4522-b8a7-2f7e1ff68aa2,q027,How many degrees are in a full circle?,numeric,model-a,model-b,cross,1,A full circle has 360 degrees.,03d8603e7fbc90b5713f1a2ec32d11c548ebf20a9e020141ec622a6c8b120127,1.0,Hallucinated,0.0,0.5
973938fa-4be8-4522-b8a7-2f7e1ff68aa2,q027,How many degrees are in a full circle?,numeric,model-b,model-a,cross,1,Alternative statement: A full circle has 360 degrees.,03d8603e7fbc90b5713f1a2ec32d11c548ebf20a9e020141ec622a6c8b120127,0.0,Reliable,0.0,0.5
973938fa-4be8-4522-b8a7-2f7e1ff68aa2,q027,How many degrees are in a full circle?,numeric,model-b,model-b,same,1,Alternative statement: A full circle has 360 degrees.,03d8603e7fbc90b5713f1a2ec32d11c548ebf20a9e020141ec622a6c8b120127,1.0,Hallucinated,0.0,0.5
973938fa-4be8-4522-b8a7-2f7e1ff68aa2,q028,How many planets are in the solar system in the current IAU classification?,numeric,model-a,model-a,same,1,There are 9 planets in the solar system.,03d8603e7fbc90b5713f1a2ec32d11c548ebf20a9e020141ec622a6c8b120127,0.0,Reliable,0.0,0.5
973938fa-4be8-4522-b8a7-2f7e1ff68aa2,q028,How many planets are in the solar system in the current IAU classification?,numeric,model-a,model-b,cross,1,There are 9 planets in the solar system.,03d8603e7fbc90b5713f1a2ec32d11c548ebf20a9e020141ec622a6c8b120127,1.0,Hallucinated,0.0,0.5
973938fa-4be8-4522-b8a7-2f7e1ff68aa2,q028,How many planets are in the solar system in the current IAU classification?,numeric,model-b,model-a,cross,1,Alternative statement: There are 9 planets in the solar system.,03d8603e7fbc90b5713f1a2ec32d11c548ebf20a9e020141ec622a6c8b120127,0.0,Reliable,0.0,0.5
973938fa-4be8-4522-b8a7-2f7e1ff68aa2,q028,How many planets are in the solar system in the current IAU classification?,numeric,model-b,model-b,same,1,Alternative statement: There are 9 planets in the solar system.,03d8603e7fbc90b5713f1a2ec32d11c548ebf20a9e020141ec622a6c8b120127,1.0,Hallucinated,0.0,0.5
973938fa-4be8-4522-b8a7-2f7e1ff68aa2,q029,What is the boiling point of water at standard sea-level pressure in degrees Celsius?,numeric,model-a,model-a,same,1,Water boils at 100 degrees Celsius at sea level.,03d8603e7fbc90b5713f1a2ec32d11c548ebf20a9e020141ec622a6c8b120127,0.0,Reliable,0.0,0.5
973938fa-4be8-4522-b8a7-2f7e1ff68aa2,q029,What is the boiling point of water at standard sea-level pressure in degrees Celsius?,numeric,model-a,model-b,cross,1,Water boils at 100 degrees Celsius at sea level.,03d8603e7fbc90b5713f1a2ec32d11c548ebf20a9e020141ec622a6c8b120127,1.0,Hallucinated,0.0,0.5
973938fa-4be8-4522-b8a7-2f7e1ff68aa2,q029,What is the boiling point of water at standard sea-level pressure in degrees Celsius?,numeric,model-b,model-a,cross,1,Alternative statement: Water boils at 100 degrees Celsius at sea level.,03d8603e7fbc90b5713f1a2ec32d11c548ebf20a9e020141ec622a6c8b120127,0.0,Reliable,0.0,0.5
973938fa-4be8-4522-b8a7-2f7e1ff68aa2,q029,What is the boiling point of water at standard sea-level pressure in degrees Celsius?,numeric,model-b,model-b,same,1,Alternative statement: Water boils at 100 degrees Celsius at sea level.,03d8603e7fbc90b5713f1a2ec32d11c548ebf20a9e020141ec622a6c8b120127,1.0,Hallucinated,0.0,0.5
973938fa-4be8-4522-b8a7-2f7e1ff68aa2,q030,How many days are in a non-leap year?,numeric,model-a,model-a,same,1,A non-leap year has 360 days.,03d8603e7fbc90b5713f1a2ec32d11c548ebf20a9e020141ec622a6c8b120127,0.0,Reliable,0.0,0.5
973938fa-4be8-4522-b8a7-2f7e1ff68aa2,q030,How many days are in a non-leap year?,numeric,model-a,model-b,cross,1,A non-leap year has 360 days.,03d8603e7fbc90b5713f1a2ec32d11c548ebf20a9e020141ec622a6c8b120127,1.0,Hallucinated,0.0,0.5
973938fa-4be8-4522-b8a7-2f7e1ff68aa2,q030,How many days are in a non-leap year?,numeric,model-b,model-a,cross,1,Alternative statement: A non-leap year has 360 days.,03d8603e7fbc90b5713f1a2ec32d11c548ebf20a9e020141ec622a6c8b120127,0.0,Reliable,0.0,0.5
973938fa-4be8-4522-b8a7-2f7e1ff68aa2,q030,How many days are in a non-leap year?,numeric,model-b,model-b,same,1,Alternative statement: A non-leap year has 360 days.,03d8603e7fbc90b5713f1a2ec32d11c548ebf20a9e020141ec622a6c8b120127,1.0,Hallucinated,0.0,0.5
973938fa-4be8-4522-b8a7-2f7e1ff68aa2,q031,How many sides does a hexagon have?,numeric,model-a,model-a,same,1,A hexagon has 6 sides.,03d8603e7fbc90b5713f1a2ec32d11c548ebf20a9e020141ec622a6c8b120127,0.0,Reliable,0.0,0.5
973938fa-4be8-4522-b8a7-2f7e1ff68aa2,q031,How many sides does a hexagon have?,numeric,model-a,model-b,cross,1,A hexagon has 6 sides.,03d8603e7fbc90b5713f1a2ec32d11c548ebf20a9e020141ec622a6c8b120127,1.0,Hallucinated,0.0,0.5
973938fa-4be8-4522-b8a7-2f7e1ff68aa2,q031,How many sides does a hexagon have?,numeric,model-b,model-a,cross,1,Alternative statement: A hexagon has 6 sides.,03d8603e7fbc90b5713f1a2ec32d11c548ebf20a9e020141ec622a6c8b120127,0.0,Reliable,0.0,0.5
973938fa-4be8-4522-b8a7-2f7e1ff68aa2,q031,How many sides does a hexagon have?,numeric,model-b,model-b,same,1,Alternative statement: A hexagon has 6 sides.,03d8603e7fbc90b5713f1a2ec32d11c548ebf20a9e020141ec622a6c8b120127,1.0,Hallucinated,0.0,0.5
973938fa-4be8-4522-b8a7-2f7e1ff68aa2,q032,"What is the speed of light in vacuum, rounded to the nearest thousand kilometres per second?",numeric,model-a,model-a,same,1,"About 300,000 kilometres per second.",03d8603e7fbc90b5713f1a2ec32d11c548ebf20a9e020141ec622a6c8b120127,0.0,Reliable,0.0,0.5
973938fa-4be8-4522-b8a7-2f7e1ff68aa2,q032,"What is the speed of light in vacuum, rounded to the nearest thousand kilometres per second?",numeric,model-a,model-b,cross,1,"About 300,000 kilometres per second.",03d8603e7fbc90b5713f1a2ec32d11c548ebf20a9e020141ec622a6c8b120127,1.0,Hallucinated,0.0,0.5
973938fa-4be8-4522-b8a7-2f7e1ff68aa2,q032,"What is the speed of light in vacuum, rounded to the nearest thousand kilometres per second?",numeric,model-b,model-a,cross,1,"Alternative statement: About 300,000 kilometres per second.",03d8603e7fbc90b5713f1a2ec32d11c548ebf20a9e020141ec622a6c8b120127,0.0,Reliable,0.0,0.5
973938fa-4be8-4522-b8a7-2f7e1ff68aa2,q032,"What is the speed of light in vacuum, rounded to the nearest thousand kilometres per second?",numeric,model-b,model-b,same,1,"Alternative statement: About 300,000 kilometres per second.",03d8603e7fbc90b5713f1a2ec32d11c548ebf20a9e020141ec622a6c8b120127,1.0,Hallucinated,0.0,0.5
973938fa-4be8-4522-b8a7-2f7e1ff68aa2,q033,What is the chemical formula of water?,general_fact,model-a,model-a,same,1,The chemical formula of water is H2O.,03d8603e7fbc90b5713f1a2ec32d11c548ebf20a9e020141ec622a6c8b120127,0.0,Reliable,0.0,0.5
973938fa-4be8-4522-b8a7-2f7e1ff68aa2,q033,What is the chemical formula of water?,general_fact,model-a,model-b,cross,1,The chemical formula of water is H2O.,03d8603e7fbc90b5713f1a2ec32d11c548ebf20a9e020141ec622a6c8b120127,1.0,Hallucinated,0.0,0.5
973938fa-4be8-4522-b8a7-2f7e1ff68aa2,q033,What is the chemical formula of water?,general_fact,model-b,model-a,cross,1,Alternative statement: The chemical formula of water is H2O.,03d8603e7fbc90b5713f1a2ec32d11c548ebf20a9e020141ec622a6c8b120127,0.0,Reliable,0.0,0.5
973938fa-4be8-4522-b8a7-2f7e1ff68aa2,q033,What is the chemical formula of water?,general_fact,model-b,model-b,same,1,Alternative statement: The chemical formula of water is H2O.,03d8603e7fbc90b5713f1a2ec32d11c548ebf20a9e020141ec622a6c8b120127,1.0,Hallucinated,0.0,0.5
973938fa-4be8-4522-b8a7-2f7e1ff68aa2,q034,What is the chemical symbol for gold?,general_fact,model-a,model-a,same,1,The chemical symbol for gold is Ag.,03d8603e7fbc90b5713f1a2ec32d11c548ebf20a9e020141ec622a6c8b120127,0.0,Reliable,0.0,0.5
973938fa-4be8-4522-b8a7-2f7e1ff68aa2,q034,What is the chemical symbol for gold?,general_fact,model-a,model-b,cross,1,The chemical symbol for gold is Ag.,03d8603e7fbc90b5713f1a2ec32d11c548ebf20a9e020141ec622a6c8b120127,1.0,Hallucinated,0.0,0.5
973938fa-4be8-4522-b8a7-2f7e1ff68aa2,q034,What is the chemical symbol for gold?,general_fact,model-b,model-a,cross,1,Alternative statement: The chemical symbol for gold is Ag.,03d8603e7fbc90b5713f1a2ec32d11c548ebf20a9e020141ec622a6c8b120127,0.0,Reliable,0.0,0.5
973938fa-4be8-4522-b8a7-2f7e1ff68aa2,q034,What is the chemical symbol for gold?,general_fact,model-b,model-b,same,1,Alternative statement: The chemical symbol for gold is Ag.,03d8603e7fbc90b5713f1a2ec32d11c548ebf20a9e020141ec622a6c8b120127,1.0,Hallucinated,0.0,0.5
973938fa-4be8-4522-b8a7-2f7e1ff68aa2,q035,What gas do plants primarily absorb for photosynthesis?,general_fact,model-a,model-a,same,1,Plants primarily absorb carbon dioxide for photosynthesis.,03d8603e7fbc90b5713f1a2ec32d11c548ebf20a9e020141ec622a6c8b120127,0.0,Reliable,0.0,0.5
973938fa-4be8-4522-b8a7-2f7e1ff68aa2,q035,What gas do plants primarily absorb for photosynthesis?,general_fact,model-a,model-b,cross,1,Plants primarily absorb carbon dioxide for photosynthesis.,03d8603e7fbc90b5713f1a2ec32d11c548ebf20a9e020141ec622a6c8b120127,1.0,Hallucinated,0.0,0.5
973938fa-4be8-4522-b8a7-2f7e1ff68aa2,q035,What gas do plants primarily absorb for photosynthesis?,general_fact,model-b,model-a,cross,1,Alternative statement: Plants primarily absorb carbon dioxide for photosynthesis.,03d8603e7fbc90b5713f1a2ec32d11c548ebf20a9e020141ec622a6c8b120127,0.0,Reliable,0.0,0.5
973938fa-4be8-4522-b8a7-2f7e1ff68aa2,q035,What gas do plants primarily absorb for photosynthesis?,general_fact,model-b,model-b,same,1,Alternative statement: Plants primarily absorb carbon dioxide for photosynthesis.,03d8603e7fbc90b5713f1a2ec32d11c548ebf20a9e020141ec622a6c8b120127,1.0,Hallucinated,0.0,0.5
973938fa-4be8-4522-b8a7-2f7e1ff68aa2,q036,What is the hardest naturally occurring mineral on the Mohs scale?,general_fact,model-a,model-a,same,1,Quartz is the hardest naturally occurring mineral.,03d8603e7fbc90b5713f1a2ec32d11c548ebf20a9e020141ec622a6c8b120127,0.0,Reliable,0.0,0.5
973938fa-4be8-4522-b8a7-2f7e1ff68aa2,q036,What is the hardest naturally occurring mineral on the Mohs scale?,general_fact,model-a,model-b,cross,1,Quartz is the hardest naturally occurring mineral.,03d8603e7fbc90b5713f1a2ec32d11c548ebf20a9e020141ec622a6c8b120127,1.0,Hallucinated,0.0,0.5
973938fa-4be8-4522-b8a7-2f7e1ff68aa2,q036,What is the hardest naturally occurring mineral on the Mohs scale?,general_fact,model-b,model-a,cross,1,Alternative statement: Quartz is the hardest naturally occurring mineral.,03d8603e7fbc90b5713f1a2ec32d11c548ebf20a9e020141ec622a6c8b120127,0.0,Reliable,0.0,0.5
973938fa-4be8-4522-b8a7-2f7e1ff68aa2,q036,What is the hardest naturally occurring mineral on the Mohs scale?,general_fact,model-b,model-b,same,1,Alternative statement: Quartz is the hardest naturally occurring mineral.,03d8603e7fbc90b5713f1a2ec32d11c548ebf20a9e020141ec622a6c8b120127,1.0,Hallucinated,0.0,0.5
973938fa-4be8-4522-b8a7-2f7e1ff68aa2,q037,What is the primary gas in Earth's atmosphere by volume?,general_fact,model-a,model-a,same,1,Nitrogen is the primary gas in Earth's atmosphere.,03d8603e7fbc90b5713f1a2ec32d11c548ebf20a9e020141ec622a6c8b120127,0.0,Reliable,0.0,0.5
973938fa-4be8-4522-b8a7-2f7e1ff68aa2,q037,What is the primary gas in Earth's atmosphere by volume?,general_fact,model-a,model-b,cross,1,Nitrogen is the primary gas in Earth's atmosphere.,03d8603e7fbc90b5713f1a2ec32d11c548ebf20a9e020141ec622a6c8b120127,1.0,Hallucinated,0.0,0.5
973938fa-4be8-4522-b8a7-2f7e1ff68aa2,q037,What is the primary gas in Earth's atmosphere by volume?,general_fact,model-b,model-a,cross,1,Alternative statement: Nitrogen is the primary gas in Earth's atmosphere.,03d8603e7fbc90b5713f1a2ec32d11c548ebf20a9e020141ec622a6c8b120127,0.0,Reliable,0.0,0.5
973938fa-4be8-4522-b8a7-2f7e1ff68aa2,q037,What is the primary gas in Earth's atmosphere by volume?,general_fact,model-b,model-b,same,1,Alternative statement: Nitrogen is the primary gas in Earth's atmosphere.,03d8603e7fbc90b5713f1a2ec32d11c548ebf20a9e020141ec622a6c8b120127,1.0,Hallucinated,0.0,0.5
973938fa-4be8-4522-b8a7-2f7e1ff68aa2,q038,What particle in an atom carries a negative electric charge?,general_fact,model-a,model-a,same,1,A proton carries a negative electric charge.,03d8603e7fbc90b5713f1a2ec32d11c548ebf20a9e020141ec622a6c8b120127,0.0,Reliable,0.0,0.5
973938fa-4be8-4522-b8a7-2f7e1ff68aa2,q038,What particle in an atom carries a negative electric charge?,general_fact,model-a,model-b,cross,1,A proton carries a negative electric charge.,03d8603e7fbc90b5713f1a2ec32d11c548ebf20a9e020141ec622a6c8b120127,1.0,Hallucinated,0.0,0.5
973938fa-4be8-4522-b8a7-2f7e1ff68aa2,q038,What particle in an atom carries a negative electric charge?,general_fact,model-b,model-a,cross,1,Alternative statement: A proton carries a negative electric charge.,03d8603e7fbc90b5713f1a2ec32d11c548ebf20a9e020141ec622a6c8b120127,0.0,Reliable,0.0,0.5
973938fa-4be8-4522-b8a7-2f7e1ff68aa2,q038,What particle in an atom carries a negative electric charge?,general_fact,model-b,model-b,same,1,Alternative statement: A proton carries a negative electric charge.,03d8603e7fbc90b5713f1a2ec32d11c548ebf20a9e020141ec622a6c8b120127,1.0,Hallucinated,0.0,0.5
973938fa-4be8-4522-b8a7-2f7e1ff68aa2,q039,What process do plants use to convert sunlight into chemical energy?,general_fact,model-a,model-a,same,1,I am not sure about the exact process name.,03d8603e7fbc90b5713f1a2ec32d11c548ebf20a9e020141ec622a6c8b120127,0.0,Reliable,0.0,0.5
973938fa-4be8-4522-b8a7-2f7e1ff68aa2,q039,What process do plants use to convert sunlight into chemical energy?,general_fact,model-a,model-b,cross,1,I am not sure about the exact process name.,03d8603e7fbc90b5713f1a2ec32d11c548ebf20a9e020141ec622a6c8b120127,1.0,Hallucinated,0.0,0.5
973938fa-4be8-4522-b8a7-2f7e1ff68aa2,q039,What process do plants use to convert sunlight into chemical energy?,general_fact,model-b,model-a,cross,1,Alternative statement: I am not sure about the exact process name.,03d8603e7fbc90b5713f1a2ec32d11c548ebf20a9e020141ec622a6c8b120127,0.0,Reliable,0.0,0.5
973938fa-4be8-4522-b8a7-2f7e1ff68aa2,q039,What process do plants use to convert sunlight into chemical energy?,general_fact,model-b,model-b,same,1,Alternative statement: I am not sure about the exact process name.,03d8603e7fbc90b5713f1a2ec32d11c548ebf20a9e020141ec622a6c8b120127,1.0,Hallucinated,0.0,0.5
973938fa-4be8-4522-b8a7-2f7e1ff68aa2,q040,What is the SI unit of electric current?,general_fact,model-a,model-a,same,1,The SI unit of electric current is the volt.,03d8603e7fbc90b5713f1a2ec32d11c548ebf20a9e020141ec622a6c8b120127,0.0,Reliable,0.0,0.5
973938fa-4be8-4522-b8a7-2f7e1ff68aa2,q040,What is the SI unit of electric current?,general_fact,model-a,model-b,cross,1,The SI unit of electric current is the volt.,03d8603e7fbc90b5713f1a2ec32d11c548ebf20a9e020141ec622a6c8b120127,1.0,Hallucinated,0.0,0.5
973938fa-4be8-4522-b8a7-2f7e1ff68aa2,q040,What is the SI unit of electric current?,general_fact,model-b,model-a,cross,1,Alternative statement: The SI unit of electric current is the volt.,03d8603e7fbc90b5713f1a2ec32d11c548ebf20a9e020141ec622a6c8b120127,0.0,Reliable,0.0,0.5
973938fa-4be8-4522-b8a7-2f7e1ff68aa2,q040,What is the SI unit of electric current?,general_fact,model-b,model-b,same,1,Alternative statement: The SI unit of electric current is the volt.,03d8603e7fbc90b5713f1a2ec32d11c548ebf20a9e020141ec622a6c8b120127,1.0,Hallucinated,0.0,0.5
