generator_model,verifier_model,threshold,precision,recall,f1,accuracy,tp,tn,fp,fn,included_examples
model-a,model-a,0.3,0.0,0.0,0.0,0.5,0,19,0,19,38
model-a,model-a,0.35,0.0,0.0,0.0,0.5,0,19,0,19,38
model-a,model-a,0.4,0.0,0.0,0.0,0.5,0,19,0,19,38
model-a,model-a,0.45,0.0,0.0,0.0,0.5,0,19,0,19,38
model-a,model-a,0.5,0.0,0.0,0.0,0.5,0,19,0,19,38
model-a,model-a,0.55,0.0,0.0,0.0,0.5,0,19,0,19,38
model-a,model-a,0.6,0.0,0.0,0.0,0.5,0,19,0,19,38
model-a,model-a,0.65,0.0,0.0,0.0,0.5,0,19,0,19,38
model-a,model-a,0.7,0.0,0.0,0.0,0.5,0,19,0,19,38
model-a,model-b,0.3,0.5,1.0,0.6667,0.5,19,0,19,0,38
model-a,model-b,0.35,0.5,1.0,0.6667,0.5,19,0,19,0,38
model-a,model-b,0.4,0.5,1.0,0.6667,0.5,19,0,19,0,38
model-a,model-b,0.45,0.5,1.0,0.6667,0.5,19,0,19,0,38
model-a,model-b,0.5,0.5,1.0,0.6667,0.5,19,0,19,0,38
model-a,model-b,0.55,0.5,1.0,0.6667,0.5,19,0,19,0,38
model-a,model-b,0.6,0.5,1.0,0.6667,0.5,19,0,19,0,38
model-a,model-b,0.65,0.5,1.0,0.6667,0.5,19,0,19,0,38
model-a,model-b,0.7,0.5,1.0,0.6667,0.5,19,0,19,0,38
model-b,model-a,0.3,0.0,0.0,0.0,0.5,0,19,0,19,38
model-b,model-a,0.35,0.0,0.0,0.0,0.5,0,19,0,19,38
model-b,model-a,0.4,0.0,0.0,0.0,0.5,0,19,0,19,38
model-b,model-a,0.45,0.0,0.0,0.0,0.5,0,19,0,19,38
model-b,model-a,0.5,0.0,0.0,0.0,0.5,0,19,0,19,38
model-b,model-a,0.55,0.0,0.0,0.0,0.5,0,19,0,19,38
model-b,model-a,0.6,0.0,0.0,0.0,0.5,0,19,0,19,38
model-b,model-a,0.65,0.0,0.0,0.0,0.5,0,19,0,19,38
model-b,model-a,0.7,0.0,0.0,0.0,0.5,0,19,0,19,38
model-b,model-b,0.3,0.5,1.0,0.6667,0.5,19,0,19,0,38
model-b,model-b,0.35,0.5,1.0,0.6667,0.5,19,0,19,0,38
model-b,model-b,0.4,0.5,1.0,0.6667,0.5,19,0,19,0,38
model-b,model-b,0.45,0.5,1.0,0.6667,0.5,19,0,19,0,38
model-b,model-b,0.5,0.5,1.0,0.6667,0.5,19,0,19,0,38
model-b,model-b,0.55,0.5,1.0,0.6667,0.5,19,0,19,0,38
model-b,model-b,0.6,0.5,1.0,0.6667,0.5,19,0,19,0,38
model-b,model-b,0.65,0.5,1.0,0.6667,0.5,19,0,19,0,38
model-b,model-b,0.7,0.5,1.0,0.6667,0.5,19,0,19,0,38
