experiment_id,question_id,question,generator_model,verifier_model,pair_type,trial_num,base_answer,hallucination_score,classification,not_sure_rate,threshold
b383c5de-8215-48ff-bb84-3aea3ecfd22f,q001,Who wrote the play Hamlet?,model-a,model-a,same,1,William Shakespeare wrote Hamlet.,0.0,Reliable,0.0,0.5
b383c5de-8215-48ff-bb84-3aea3ecfd22f,q001,Who wrote the play Hamlet?,model-a,model-b,cross,1,William Shakespeare wrote Hamlet.,1.0,Hallucinated,0.0,0.5
b383c5de-8215-48ff-bb84-3aea3ecfd22f,q001,Who wrote the play Hamlet?,model-b,model-a,cross,1,Alternative statement: William Shakespeare wrote Hamlet.,0.0,Reliable,0.0,0.5
b383c5de-8215-48ff-bb84-3aea3ecfd22f,q001,Who wrote the play Hamlet?,model-b,model-b,same,1,Alternative statement: William Shakespeare wrote Hamlet.,1.0,Hallucinated,0.0,0.5
b383c5de-8215-48ff-bb84-3aea3ecfd22f,q002,Who painted the Mona Lisa?,model-a,model-a,same,1,The Mona Lisa was painted by Pablo Picasso.,0.0,Reliable,0.0,0.5
b383c5de-8215-48ff-bb84-3aea3ecfd22f,q002,Who painted the Mona Lisa?,model-a,model-b,cross,1,The Mona Lisa was painted by Pablo Picasso.,1.0,Hallucinated,0.0,0.5
b383c5de-8215-48ff-bb84-3aea3ecfd22f,q002,Who painted the Mona Lisa?,model-b,model-a,cross,1,Alternative statement: The Mona Lisa was painted by Pablo Picasso.,0.0,Reliable,0.0,0.5
b383c5de-8215-48ff-bb84-3aea3ecfd22f,q002,Who painted the Mona Lisa?,model-b,model-b,same,1,Alternative statement: The Mona Lisa was painted by Pablo Picasso.,1.0,Hallucinated,0.0,0.5
b383c5de-8215-48ff-bb84-3aea3ecfd22f,q003,Who discovered penicillin?,model-a,model-a,same,1,Alexander Fleming discovered penicillin.,0.0,Reliable,0.0,0.5
b383c5de-8215-48ff-bb84-3aea3ecfd22f,q003,Who discovered penicillin?,model-a,model-b,cross,1,Alexander Fleming discovered penicillin.,1.0,Hallucinated,0.0,0.5
b383c5de-8215-48ff-bb84-3aea3ecfd22f,q003,Who discovered penicillin?,model-b,model-a,cross,1,Alternative statement: Alexander Fleming discovered penicillin.,0.0,Reliable,0.0,0.5
b383c5de-8215-48ff-bb84-3aea3ecfd22f,q003,Who discovered penicillin?,model-b,model-b,same,1,Alternative statement: Alexander Fleming discovered penicillin.,1.0,Hallucinated,0.0,0.5
b383c5de-8215-48ff-bb84-3aea3ecfd22f,q004,Who was the first person to walk on the Moon?,model-a,model-a,same,1,Buzz Aldrin was the first person to walk on the Moon.,0.0,Reliable,0.0,0.5
b383c5de-8215-48ff-bb84-3aea3ecfd22f,q004,Who was the first person to walk on the Moon?,model-a,model-b,cross,1,Buzz Aldrin was the first person to walk on the Moon.,1.0,Hallucinated,0.0,0.5
b383c5de-8215-48ff-bb84-3aea3ecfd22f,q004,Who was the first person to walk on the Moon?,model-b,model-a,cross,1,Alternative statement: Buzz Aldrin was the first person to walk on the Moon.,0.0,Reliable,0.0,0.5
b383c5de-8215-48ff-bb84-3aea3ecfd22f,q004,Who was the first person to walk on the Moon?,model-b,model-b,same,1,Alternative statement: Buzz Aldrin was the first person to walk on the Moon.,1.0,Hallucinated,0.0,0.5
b383c5de-8215-48ff-bb84-3aea3ecfd22f,q005,Who proposed the theory of general relativity?,model-a,model-a,same,1,Albert Einstein proposed the theory of general relativity.,0.0,Reliable,0.0,0.5
b383c5de-8215-48ff-bb84-3aea3ecfd22f,q005,Who proposed the theory of general relativity?,model-a,model-b,cross,1,Albert Einstein proposed the theory of general relativity.,1.0,Hallucinated,0.0,0.5
b383c5de-8215-48ff-bb84-3aea3ecfd22f,q005,Who proposed the theory of general relativity?,model-b,model-a,cross,1,Alternative statement: Albert Einstein proposed the theory of general relativity.,0.0,Reliable,0.0,0.5
b383c5de-8215-48ff-bb84-3aea3ecfd22f,q005,Who proposed the theory of general relativity?,model-b,model-b,same,1,Alternative statement: Albert Einstein proposed the theory of general relativity.,1.0,Hallucinated,0.0,0.5
b383c5de-8215-48ff-bb84-3aea3ecfd22f,q006,Who is the author of Pride and Prejudice?,model-a,model-a,same,1,Pride and Prejudice was written by Charles Dickens.,0.0,Reliable,0.0,0.5
b383c5de-8215-48ff-bb84-3aea3ecfd22f,q006,Who is the author of Pride and Prejudice?,model-a,model-b,cross,1,Pride and Prejudice was written by Charles Dickens.,1.0,Hallucinated,0.0,0.5
b383c5de-8215-48ff-bb84-3aea3ecfd22f,q006,Who is the author of Pride and Prejudice?,model-b,model-a,cross,1,Alternative statement: Pride and Prejudice was written by Charles Dickens.,0.0,Reliable,0.0,0.5
b383c5de-8215-48ff-bb84-3aea3ecfd22f,q006,Who is the author of Pride and Prejudice?,model-b,model-b,same,1,Alternative statement: Pride and Prejudice was written by Charles Dickens.,1.0,Hallucinated,0.0,0.5
b383c5de-8215-48ff-bb84-3aea3ecfd22f,q007,Who developed the polio vaccine widely credited in 1955?,model-a,model-a,same,1,Jonas Salk developed the polio vaccine.,0.0,Reliable,0.0,0.5
b383c5de-8215-48ff-bb84-3aea3ecfd22f,q007,Who developed the polio vaccine widely credited in 1955?,model-a,model-b,cross,1,Jonas Salk developed the polio vaccine.,1.0,Hallucinated,0.0,0.5
b383c5de-8215-48ff-bb84-3aea3ecfd22f,q007,Who developed the polio vaccine widely credited in 1955?,model-b,model-a,cross,1,Alternative statement: Jonas Salk developed the polio vaccine.,0.0,Reliable,0.0,0.5
b383c5de-8215-48ff-bb84-3aea3ecfd22f,q007,Who developed the polio vaccine widely credited in 1955?,model-b,model-b,same,1,Alternative statement: Jonas Salk developed the polio vaccine.,1.0,Hallucinated,0.0,0.5
b383c5de-8215-48ff-bb84-3aea3ecfd22f,q008,Who composed the Four Seasons concertos?,model-a,model-a,same,1,Johann Sebastian Bach composed the Four Seasons.,0.0,Reliable,0.0,0.5
b383c5de-8215-48ff-bb84-3aea3ecfd22f,q008,Who composed the Four Seasons concertos?,model-a,model-b,cross,1,Johann Sebastian Bach composed the Four Seasons.,1.0,Hallucinated,0.0,0.5
b383c5de-8215-48ff-bb84-3aea3ecfd22f,q008,Who composed the Four Seasons concertos?,model-b,model-a,cross,1,Alternative statement: Johann Sebastian Bach composed the Four Seasons.,0.0,Reliable,0.0,0.5
b383c5de-8215-48ff-bb84-3aea3ecfd22f,q008,Who composed the Four Seasons concertos?,model-b,model-b,same,1,Alternative statement: Johann Sebastian Bach composed the Four Seasons.,1.0,Hallucinated,0.0,0.5
b383c5de-8215-48ff-bb84-3aea3ecfd22f,q009,What is the capital of France?,model-a,model-a,same,1,The capital of France is Paris.,0.0,Reliable,0.0,0.5
b383c5de-8215-48ff-bb84-3aea3ecfd22f,q009,What is the capital of France?,model-a,model-b,cross,1,The capital of France is Paris.,1.0,Hallucinated,0.0,0.5
b383c5de-8215-48ff-bb84-3aea3ecfd22f,q009,What is the capital of France?,model-b,model-a,cross,1,Alternative statement: The capital of France is Paris.,0.0,Reliable,0.0,0.5
b383c5de-8215-48ff-bb84-3aea3ecfd22f,q009,What is the capital of France?,model-b,model-b,same,1,Alternative statement: The capital of France is Paris.,1.0,Hallucinated,0.0,0.5
b383c5de-8215-48ff-bb84-3aea3ecfd22f,q010,What is the capital of Australia?,model-a,model-a,same,1,The capital of Australia is Sydney.,0.0,Reliable,0.0,0.5
b383c5de-8215-48ff-bb84-3aea3ecfd22f,q010,What is the capital of Australia?,model-a,model-b,cross,1,The capital of Australia is Sydney.,1.0,Hallucinated,0.0,0.5
b383c5de-8215-48ff-bb84-3aea3ecfd22f,q010,What is the capital of Australia?,model-b,model-a,cross,1,Alternative statement: The capital of Australia is Sydney.,0.0,Reliable,0.0,0.5
b383c5de-8215-48ff-bb84-3aea3ecfd22f,q010,What is the capital of Australia?,model-b,model-b,same,1,Alternative statement: The capital of Australia is Sydney.,1.0,Hallucinated,0.0,0.5
b383c5de-8215-48ff-bb84-3aea3ecfd22f,q011,What is the capital of Japan?,model-a,model-a,same,1,Tokyo is the capital of Japan.,0.0,Reliable,0.0,0.5
b383c5de-8215-48ff-bb84-3aea3ecfd22f,q011,What is the capital of Japan?,model-a,model-b,cross,1,Tokyo is the capital of Japan.,1.0,Hallucinated,0.0,0.5
b383c5de-8215-48ff-bb84-3aea3ecfd22f,q011,What is the capital of Japan?,model-b,model-a,cross,1,Alternative statement: Tokyo is the capital of Japan.,0.0,Reliable,0.0,0.5
b383c5de-8215-48ff-bb84-3aea3ecfd22f,q011,What is the capital of Japan?,model-b,model-b,same,1,Alternative statement: Tokyo is the capital of Japan.,1.0,Hallucinated,0.0,0.5
b383c5de-8215-48ff-bb84-3aea3ecfd22f,q012,Which is generally considered the longest river in the world by most standard references?,model-a,model-a,same,1,The Amazon is the longest river in the world.,0.0,Reliable,0.0,0.5
b383c5de-8215-48ff-bb84-3aea3ecfd22f,q012,Which is generally considered the longest river in the world by most standard references?,model-a,model-b,cross,1,The Amazon is the longest river in the world.,1.0,Hallucinated,0.0,0.5
b383c5de-8215-48ff-bb84-3aea3ecfd22f,q012,Which is generally considered the longest river in the world by most standard references?,model-b,model-a,cross,1,Alternative statement: The Amazon is the longest river in the world.,0.0,Reliable,0.0,0.5
b383c5de-8215-48ff-bb84-3aea3ecfd22f,q012,Which is generally considered the longest river in the world by most standard references?,model-b,model-b,same,1,Alternative statement: The Amazon is the longest river in the world.,1.0,Hallucinated,0.0,0.5
b383c5de-8215-48ff-bb84-3aea3ecfd22f,q013,On which continent is Egypt located?,model-a,model-a,same,1,Egypt is located in Africa.,0.0,Reliable,0.0,0.5
b383c5de-8215-48ff-bb84-3aea3ecfd22f,q013,On which continent is Egypt located?,model-a,model-b,cross,1,Egypt is located in Africa.,1.0,Hallucinated,0.0,0.5
b383c5de-8215-48ff-bb84-3aea3ecfd22f,q013,On which continent is Egypt located?,model-b,model-a,cross,1,Alternative statement: Egypt is located in Africa.,0.0,Reliable,0.0,0.5
b383c5de-8215-48ff-bb84-3aea3ecfd22f,q013,On which continent is Egypt located?,model-b,model-b,same,1,Alternative statement: Egypt is located in Africa.,1.0,Hallucinated,0.0,0.5
b383c5de-8215-48ff-bb84-3aea3ecfd22f,q014,What is the largest ocean on Earth?,model-a,model-a,same,1,The largest ocean on Earth is the Atlantic Ocean.,0.0,Reliable,0.0,0.5
b383c5de-8215-48ff-bb84-3aea3ecfd22f,q014,What is the largest ocean on Earth?,model-a,model-b,cross,1,The largest ocean on Earth is the Atlantic Ocean.,1.0,Hallucinated,0.0,0.5
b383c5de-8215-48ff-bb84-3aea3ecfd22f,q014,What is the largest ocean on Earth?,model-b,model-a,cross,1,Alternative statement: The largest ocean on Earth is the Atlantic Ocean.,0.0,Reliable,0.0,0.5
b383c5de-8215-48ff-bb84-3aea3ecfd22f,q014,What is the largest ocean on Earth?,model-b,model-b,same,1,Alternative statement: The largest ocean on Earth is the Atlantic Ocean.,1.0,Hallucinated,0.0,0.5
b383c5de-8215-48ff-bb84-3aea3ecfd22f,q015,What is the highest mountain above sea level?,model-a,model-a,same,1,Mount Everest is the highest mountain above sea level.,0.0,Reliable,0.0,0.5
b383c5de-8215-48ff-bb84-3aea3ecfd22f,q015,What is the highest mountain above sea level?,model-a,model-b,cross,1,Mount Everest is the highest mountain above sea level.,1.0,Hallucinated,0.0,0.5
b383c5de-8215-48ff-bb84-3aea3ecfd22f,q015,What is the highest mountain above sea level?,model-b,model-a,cross,1,Alternative statement: Mount Everest is the highest mountain above sea level.,0.0,Reliable,0.0,0.5
b383c5de-8215-48ff-bb84-3aea3ecfd22f,q015,What is the highest mountain above sea level?,model-b,model-b,same,1,Alternative statement: Mount Everest is the highest mountain above sea level.,1.0,Hallucinated,0.0,0.5
b383c5de-8215-48ff-bb84-3aea3ecfd22f,q016,What is the capital of Canada?,model-a,model-a,same,1,The capital of Canada is Toronto.,0.0,Reliable,0.0,0.5
b383c5de-8215-48ff-bb84-3aea3ecfd22f,q016,What is the capital of Canada?,model-a,model-b,cross,1,The capital of Canada is Toronto.,1.0,Hallucinated,0.0,0.5
b383c5de-8215-48ff-bb84-3aea3ecfd22f,q016,What is the capital of Canada?,model-b,model-a,cross,1,Alternative statement: The capital of Canada is Toronto.,0.0,Reliable,0.0,0.5
b383c5de-8215-48ff-bb84-3aea3ecfd22f,q016,What is the capital of Canada?,model-b,model-b,same,1,Alternative statement: The capital of Canada is Toronto.,1.0,Hallucinated,0.0,0.5
b383c5de-8215-48ff-bb84-3aea3ecfd22f,q017,In what year did humans first land on the Moon?,model-a,model-a,same,1,Humans first landed on the Moon in 1969.,0.0,Reliable,0.0,0.5
b383c5de-8215-48ff-bb84-3aea3ecfd22f,q017,In what year did humans first land on the Moon?,model-a,model-b,cross,1,Humans first landed on the Moon in 1969.,1.0,Hallucinated,0.0,0.5
b383c5de-8215-48ff-bb84-3aea3ecfd22f,q017,In what year did humans first land on the Moon?,model-b,model-a,cross,1,Alternative statement: Humans first landed on the Moon in 1969.,0.0,Reliable,0.0,0.5
b383c5de-8215-48ff-bb84-3aea3ecfd22f,q017,In what year did humans first land on the Moon?,model-b,model-b,same,1,Alternative statement: Humans first landed on the Moon in 1969.,1.0,Hallucinated,0.0,0.5
b383c5de-8215-48ff-bb84-3aea3ecfd22f,q018,In what year did World War II end?,model-a,model-a,same,1,World War II ended in 1944.,0.0,Reliable,0.0,0.5
b383c5de-8215-48ff-bb84-3aea3ecfd22f,q018,In what year did World War II end?,model-a,model-b,cross,1,World War II ended in 1944.,1.0,Hallucinated,0.0,0.5
b383c5de-8215-48ff-bb84-3aea3ecfd22f,q018,In what year did World War II end?,model-b,model-a,cross,1,Alternative statement: World War II ended in 1944.,0.0,Reliable,0.0,0.5
b383c5de-8215-48ff-bb84-3aea3ecfd22f,q018,In what year did World War II end?,model-b,model-b,same,1,Alternative statement: World War II ended in 1944.,1.0,Hallucinated,0.0,0.5
b383c5de-8215-48ff-bb84-3aea3ecfd22f,q019,In what year did India become independent?,model-a,model-a,same,1,India became independent in 1947.,0.0,Reliable,0.0,0.5
b383c5de-8215-48ff-bb84-3aea3ecfd22f,q019,In what year did India become independent?,model-a,model-b,cross,1,India became independent in 1947.,1.0,Hallucinated,0.0,0.5
b383c5de-8215-48ff-bb84-3aea3ecfd22f,q019,In what year did India become independent?,model-b,model-a,cross,1,Alternative statement: India became independent in 1947.,0.0,Reliable,0.0,0.5
b383c5de-8215-48ff-bb84-3aea3ecfd22f,q019,In what year did India become independent?,model-b,model-b,same,1,Alternative statement: India became independent in 1947.,1.0,Hallucinated,0.0,0.5
b383c5de-8215-48ff-bb84-3aea3ecfd22f,q020,In what year did the Berlin Wall fall?,model-a,model-a,same,1,The Berlin Wall fell in 1991.,0.0,Reliable,0.0,0.5
b383c5de-8215-48ff-bb84-3aea3ecfd22f,q020,In what year did the Berlin Wall fall?,model-a,model-b,cross,1,The Berlin Wall fell in 1991.,1.0,Hallucinated,0.0,0.5
b383c5de-8215-48ff-bb84-3aea3ecfd22f,q020,In what year did the Berlin Wall fall?,model-b,model-a,cross,1,Alternative statement: The Berlin Wall fell in 1991.,0.0,Reliable,0.0,0.5
b383c5de-8215-48ff-bb84-3aea3ecfd22f,q020,In what year did the Berlin Wall fall?,model-b,model-b,same,1,Alternative statement: The Berlin Wall fell in 1991.,1.0,Hallucinated,0.0,0.5
b383c5de-8215-48ff-bb84-3aea3ecfd22f,q021,In what year did the Titanic sink?,model-a,model-a,same,1,The Titanic sank in 1912.,0.0,Reliable,0.0,0.5
b383c5de-8215-48ff-bb84-3aea3ecfd22f,q021,In what year did the Titanic sink?,model-a,model-b,cross,1,The Titanic sank in 1912.,1.0,Hallucinated,0.0,0.5
b383c5de-8215-48ff-bb84-3aea3ecfd22f,q021,In what year did the Titanic sink?,model-b,model-a,cross,1,Alternative statement: The Titanic sank in 1912.,0.0,Reliable,0.0,0.5
b383c5de-8215-48ff-bb84-3aea3ecfd22f,q021,In what year did the Titanic sink?,model-b,model-b,same,1,Alternative statement: The Titanic sank in 1912.,1.0,Hallucinated,0.0,0.5
b383c5de-8215-48ff-bb84-3aea3ecfd22f,q022,In what year did the first powered airplane flight by the Wright brothers occur?,model-a,model-a,same,1,The Wright brothers first flew in 1908.,0.0,Reliable,0.0,0.5
b383c5de-8215-48ff-bb84-3aea3ecfd22f,q022,In what year did the first powered airplane flight by the Wright brothers occur?,model-a,model-b,cross,1,The Wright brothers first flew in 1908.,1.0,Hallucinated,0.0,0.5
b383c5de-8215-48ff-bb84-3aea3ecfd22f,q022,In what year did the first powered airplane flight by the Wright brothers occur?,model-b,model-a,cross,1,Alternative statement: The Wright brothers first flew in 1908.,0.0,Reliable,0.0,0.5
b383c5de-8215-48ff-bb84-3aea3ecfd22f,q022,In what year did the first powered airplane flight by the Wright brothers occur?,model-b,model-b,same,1,Alternative statement: The Wright brothers first flew in 1908.,1.0,Hallucinated,0.0,0.5
b383c5de-8215-48ff-bb84-3aea3ecfd22f,q023,In what year did the United States Declaration of Independence get adopted?,model-a,model-a,same,1,The Declaration of Independence was adopted in 1776.,0.0,Reliable,0.0,0.5
b383c5de-8215-48ff-bb84-3aea3ecfd22f,q023,In what year did the United States Declaration of Independence get adopted?,model-a,model-b,cross,1,The Declaration of Independence was adopted in 1776.,1.0,Hallucinated,0.0,0.5
b383c5de-8215-48ff-bb84-3aea3ecfd22f,q023,In what year did the United States Declaration of Independence get adopted?,model-b,model-a,cross,1,Alternative statement: The Declaration of Independence was adopted in 1776.,0.0,Reliable,0.0,0.5
b383c5de-8215-48ff-bb84-3aea3ecfd22f,q023,In what year did the United States Declaration of Independence get adopted?,model-b,model-b,same,1,Alternative statement: The Declaration of Independence was adopted in 1776.,1.0,Hallucinated,0.0,0.5
b383c5de-8215-48ff-bb84-3aea3ecfd22f,q024,In what year did the Chernobyl nuclear disaster occur?,model-a,model-a,same,1,The Chernobyl disaster occurred in 1984.,0.0,Reliable,0.0,0.5
b383c5de-8215-48ff-bb84-3aea3ecfd22f,q024,In what year did the Chernobyl nuclear disaster occur?,model-a,model-b,cross,1,The Chernobyl disaster occurred in 1984.,1.0,Hallucinated,0.0,0.5
b383c5de-8215-48ff-bb84-3aea3ecfd22f,q024,In what year did the Chernobyl nuclear disaster occur?,model-b,model-a,cross,1,Alternative statement: The Chernobyl disaster occurred in 1984.,0.0,Reliable,0.0,0.5
b383c5de-8215-48ff-bb84-3aea3ecfd22f,q024,In what year did the Chernobyl nuclear disaster occur?,model-b,model-b,same,1,Alternative statement: The Chernobyl disaster occurred in 1984.,1.0,Hallucinated,0.0,0.5
b383c5de-8215-48ff-bb84-3aea3ecfd22f,q025,How many continents are there on Earth in the conventional seven-continent model?,model-a,model-a,same,1,There are 7 continents.,0.0,Reliable,0.0,0.5
b383c5de-8215-48ff-bb84-3aea3ecfd22f,q025,How many continents are there on Earth in the conventional seven-continent model?,model-a,model-b,cross,1,There are 7 continents.,1.0,Hallucinated,0.0,0.5
b383c5de-8215-48ff-bb84-3aea3ecfd22f,q025,How many continents are there on Earth in the conventional seven-continent model?,model-b,model-a,cross,1,Alternative statement: There are 7 continents.,0.0,Reliable,0.0,0.5
b383c5de-8215-48ff-bb84-3aea3ecfd22f,q025,How many continents are there on Earth in the conventional seven-continent model?,model-b,model-b,same,1,Alternative statement: There are 7 continents.,1.0,Hallucinated,0.0,0.5
b383c5de-8215-48ff-bb84-3aea3ecfd22f,q026,What is the atomic number of carbon?,model-a,model-a,same,1,The atomic number of carbon is 12.,0.0,Reliable,0.0,0.5
b383c5de-8215-48ff-bb84-3aea3ecfd22f,q026,What is the atomic number of carbon?,model-a,model-b,cross,1,The atomic number of carbon is 12.,1.0,Hallucinated,0.0,0.5
b383c5de-8215-48ff-bb84-3aea3ecfd22f,q026,What is the atomic number of carbon?,model-b,model-a,cross,1,Alternative statement: The atomic number of carbon is 12.,0.0,Reliable,0.0,0.5
b383c5de-8215-48ff-bb84-3aea3ecfd22f,q026,What is the atomic number of carbon?,model-b,model-b,same,1,Alternative statement: The atomic number of carbon is 12.,1.0,Hallucinated,0.0,0.5
b383c5de-8215-48ff-bb84-3aea3ecfd22f,q027,How many degrees are in a full circle?,model-a,model-a,same,1,A full circle has 360 degrees.,0.0,Reliable,0.0,0.5
b383c5de-8215-48ff-bb84-3aea3ecfd22f,q027,How many degrees are in a full circle?,model-a,model-b,cross,1,A full circle has 360 degrees.,1.0,Hallucinated,0.0,0.5
b383c5de-8215-48ff-bb84-3aea3ecfd22f,q027,How many degrees are in a full circle?,model-b,model-a,cross,1,Alternative statement: A full circle has 360 degrees.,0.0,Reliable,0.0,0.5
b383c5de-8215-48ff-bb84-3aea3ecfd22f,q027,How many degrees are in a full circle?,model-b,model-b,same,1,Alternative statement: A full circle has 360 degrees.,1.0,Hallucinated,0.0,0.5
b383c5de-8215-48ff-bb84-3aea3ecfd22f,q028,How many planets are in the solar system in the current IAU classification?,model-a,model-a,same,1,There are 9 planets in the solar system.,0.0,Reliable,0.0,0.5
b383c5de-8215-48ff-bb84-3aea3ecfd22f,q028,How many planets are in the solar system in the current IAU classification?,model-a,model-b,cross,1,There are 9 planets in the solar system.,1.0,Hallucinated,0.0,0.5
b383c5de-8215-48ff-bb84-3aea3ecfd22f,q028,How many planets are in the solar system in the current IAU classification?,model-b,model-a,cross,1,Alternative statement: There are 9 planets in the solar system.,0.0,Reliable,0.0,0.5
b383c5de-8215-48ff-bb84-3aea3ecfd22f,q028,How many planets are in the solar system in the current IAU classification?,model-b,model-b,same,1,Alternative statement: There are 9 planets in the solar system.,1.0,Hallucinated,0.0,0.5
b383c5de-8215-48ff-bb84-3aea3ecfd22f,q029,What is the boiling point of water at standard sea-level pressure in degrees Celsius?,model-a,model-a,same,1,Water boils at 100 degrees Celsius at sea level.,0.0,Reliable,0.0,0.5
b383c5de-8215-48ff-bb84-3aea3ecfd22f,q029,What is the boiling point of water at standard sea-level pressure in degrees Celsius?,model-a,model-b,cross,1,Water boils at 100 degrees Celsius at sea level.,1.0,Hallucinated,0.0,0.5
b383c5de-8215-48ff-bb84-3aea3ecfd22f,q029,What is the boiling point of water at standard sea-level pressure in degrees Celsius?,model-b,model-a,cross,1,Alternative statement: Water boils at 100 degrees Celsius at sea level.,0.0,Reliable,0.0,0.5
b383c5de-8215-48ff-bb84-3aea3ecfd22f,q029,What is the boiling point of water at standard sea-level pressure in degrees Celsius?,model-b,model-b,same,1,Alternative statement: Water boils at 100 degrees Celsius at sea level.,1.0,Hallucinated,0.0,0.5
b383c5de-8215-48ff-bb84-3aea3ecfd22f,q030,How many days are in a non-leap year?,model-a,model-a,same,1,A non-leap year has 360 days.,0.0,Reliable,0.0,0.5
b383c5de-8215-48ff-bb84-3aea3ecfd22f,q030,How many days are in a non-leap year?,model-a,model-b,cross,1,A non-leap year has 360 days.,1.0,Hallucinated,0.0,0.5
b383c5de-8215-48ff-bb84-3aea3ecfd22f,q030,How many days are in a non-leap year?,model-b,model-a,cross,1,Alternative statement: A non-leap year has 360 days.,0.0,Reliable,0.0,0.5
b383c5de-8215-48ff-bb84-3aea3ecfd22f,q030,How many days are in a non-leap year?,model-b,model-b,same,1,Alternative statement: A non-leap year has 360 days.,1.0,Hallucinated,0.0,0.5
b383c5de-8215-48ff-bb84-3aea3ecfd22f,q031,How many sides does a hexagon have?,model-a,model-a,same,1,A hexagon has 6 sides.,0.0,Reliable,0.0,0.5
b383c5de-8215-48ff-bb84-3aea3ecfd22f,q031,How many sides does a hexagon have?,model-a,model-b,cross,1,A hexagon has 6 sides.,1.0,Hallucinated,0.0,0.5
b383c5de-8215-48ff-bb84-3aea3ecfd22f,q031,How many sides does a hexagon have?,model-b,model-a,cross,1,Alternative statement: A hexagon has 6 sides.,0.0,Reliable,0.0,0.5
b383c5de-8215-48ff-bb84-3aea3ecfd22f,q031,How many sides does a hexagon have?,model-b,model-b,same,1,Alternative statement: A hexagon has 6 sides.,1.0,Hallucinated,0.0,0.5
b383c5de-8215-48ff-bb84-3aea3ecfd22f,q032,"What is the speed of light in vacuum, rounded to the nearest thousand kilometres per second?",model-a,model-a,same,1,"About 300,000 kilometres per second.",0.0,Reliable,0.0,0.5
b383c5de-8215-48ff-bb84-3aea3ecfd22f,q032,"What is the speed of light in vacuum, rounded to the nearest thousand kilometres per second?",model-a,model-b,cross,1,"About 300,000 kilometres per second.",1.0,Hallucinated,0.0,0.5
b383c5de-8215-48ff-bb84-3aea3ecfd22f,q032,"What is the speed of light in vacuum, rounded to the nearest thousand kilometres per second?",model-b,model-a,cross,1,"Alternative statement: About 300,000 kilometres per second.",0.0,Reliable,0.0,0.5
b383c5de-8215-48ff-bb84-3aea3ecfd22f,q032,"What is the speed of light in vacuum, rounded to the nearest thousand kilometres per second?",model-b,model-b,same,1,"Alternative statement: About 300,000 kilometres per second.",1.0,Hallucinated,0.0,0.5
b383c5de-8215-48ff-bb84-3aea3ecfd22f,q033,What is the chemical formula of water?,model-a,model-a,same,1,The chemical formula of water is H2O.,0.0,Reliable,0.0,0.5
b383c5de-8215-48ff-bb84-3aea3ecfd22f,q033,What is the chemical formula of water?,model-a,model-b,cross,1,The chemical formula of water is H2O.,1.0,Hallucinated,0.0,0.5
b383c5de-8215-48ff-bb84-3aea3ecfd22f,q033,What is the chemical formula of water?,model-b,model-a,cross,1,Alternative statement: The chemical formula of water is H2O.,0.0,Reliable,0.0,0.5
b383c5de-8215-48ff-bb84-3aea3ecfd22f,q033,What is the chemical formula of water?,model-b,model-b,same,1,Alternative statement: The chemical formula of water is H2O.,1.0,Hallucinated,0.0,0.5
b383c5de-8215-48ff-bb84-3aea3ecfd22f,q034,What is the chemical symbol for gold?,model-a,model-a,same,1,The chemical symbol for gold is Ag.,0.0,Reliable,0.0,0.5
b383c5de-8215-48ff-bb84-3aea3ecfd22f,q034,What is the chemical symbol for gold?,model-a,model-b,cross,1,The chemical symbol for gold is Ag.,1.0,Hallucinated,0.0,0.5
b383c5de-8215-48ff-bb84-3aea3ecfd22f,q034,What is the chemical symbol for gold?,model-b,model-a,cross,1,Alternative statement: The chemical symbol for gold is Ag.,0.0,Reliable,0.0,0.5
b383c5de-8215-48ff-bb84-3aea3ecfd22f,q034,What is the chemical symbol for gold?,model-b,model-b,same,1,Alternative statement: The chemical symbol for gold is Ag.,1.0,Hallucinated,0.0,0.5
b383c5de-8215-48ff-bb84-3aea3ecfd22f,q035,What gas do plants primarily absorb for photosynthesis?,model-a,model-a,same,1,Plants primarily absorb carbon dioxide for photosynthesis.,0.0,Reliable,0.0,0.5
b383c5de-8215-48ff-bb84-3aea3ecfd22f,q035,What gas do plants primarily absorb for photosynthesis?,model-a,model-b,cross,1,Plants primarily absorb carbon dioxide for photosynthesis.,1.0,Hallucinated,0.0,0.5
b383c5de-8215-48ff-bb84-3aea3ecfd22f,q035,What gas do plants primarily absorb for photosynthesis?,model-b,model-a,cross,1,Alternative statement: Plants primarily absorb carbon dioxide for photosynthesis.,0.0,Reliable,0.0,0.5
b383c5de-8215-48ff-bb84-3aea3ecfd22f,q035,What gas do plants primarily absorb for photosynthesis?,model-b,model-b,same,1,Alternative statement: Plants primarily absorb carbon dioxide for photosynthesis.,1.0,Hallucinated,0.0,0.5
b383c5de-8215-48ff-bb84-3aea3ecfd22f,q036,What is the hardest naturally occurring mineral on the Mohs scale?,model-a,model-a,same,1,Quartz is the hardest naturally occurring mineral.,0.0,Reliable,0.0,0.5
b383c5de-8215-48ff-bb84-3aea3ecfd22f,q036,What is the hardest naturally occurring mineral on the Mohs scale?,model-a,model-b,cross,1,Quartz is the hardest naturally occurring mineral.,1.0,Hallucinated,0.0,0.5
b383c5de-8215-48ff-bb84-3aea3ecfd22f,q036,What is the hardest naturally occurring mineral on the Mohs scale?,model-b,model-a,cross,1,Alternative statement: Quartz is the hardest naturally occurring mineral.,0.0,Reliable,0.0,0.5
b383c5de-8215-48ff-bb84-3aea3ecfd22f,q036,What is the hardest naturally occurring mineral on the Mohs scale?,model-b,model-b,same,1,Alternative statement: Quartz is the hardest naturally occurring mineral.,1.0,Hallucinated,0.0,0.5
b383c5de-8215-48ff-bb84-3aea3ecfd22f,q037,What is the primary gas in Earth's atmosphere by volume?,model-a,model-a,same,1,Nitrogen is the primary gas in Earth's atmosphere.,0.0,Reliable,0.0,0.5
b383c5de-8215-48ff-bb84-3aea3ecfd22f,q037,What is the primary gas in Earth's atmosphere by volume?,model-a,model-b,cross,1,Nitrogen is the primary gas in Earth's atmosphere.,1.0,Hallucinated,0.0,0.5
b383c5de-8215-48ff-bb84-3aea3ecfd22f,q037,What is the primary gas in Earth's atmosphere by volume?,model-b,model-a,cross,1,Alternative statement: Nitrogen is the primary gas in Earth's atmosphere.,0.0,Reliable,0.0,0.5
b383c5de-8215-48ff-bb84-3aea3ecfd22f,q037,What is the primary gas in Earth's atmosphere by volume?,model-b,model-b,same,1,Alternative statement: Nitrogen is the primary gas in Earth's atmosphere.,1.0,Hallucinated,0.0,0.5
b383c5de-8215-48ff-bb84-3aea3ecfd22f,q038,What particle in an atom carries a negative electric charge?,model-a,model-a,same,1,A proton carries a negative electric charge.,0.0,Reliable,0.0,0.5
b383c5de-8215-48ff-bb84-3aea3ecfd22f,q038,What particle in an atom carries a negative electric charge?,model-a,model-b,cross,1,A proton carries a negative electric charge.,1.0,Hallucinated,0.0,0.5
b383c5de-8215-48ff-bb84-3aea3ecfd22f,q038,What particle in an atom carries a negative electric charge?,model-b,model-a,cross,1,Alternative statement: A proton carries a negative electric charge.,0.0,Reliable,0.0,0.5
b383c5de-8215-48ff-bb84-3aea3ecfd22f,q038,What particle in an atom carries a negative electric charge?,model-b,model-b,same,1,Alternative statement: A proton carries a negative electric charge.,1.0,Hallucinated,0.0,0.5
b383c5de-8215-48ff-bb84-3aea3ecfd22f,q039,What process do plants use to convert sunlight into chemical energy?,model-a,model-a,same,1,I am not sure about the exact process name.,0.0,Reliable,0.0,0.5
b383c5de-8215-48ff-bb84-3aea3ecfd22f,q039,What process do plants use to convert sunlight into chemical energy?,model-a,model-b,cross,1,I am not sure about the exact process name.,1.0,Hallucinated,0.0,0.5
b383c5de-8215-48ff-bb84-3aea3ecfd22f,q039,What process do plants use to convert sunlight into chemical energy?,model-b,model-a,cross,1,Alternative statement: I am not sure about the exact process name.,0.0,Reliable,0.0,0.5
b383c5de-8215-48ff-bb84-3aea3ecfd22f,q039,What process do plants use to convert sunlight into chemical energy?,model-b,model-b,same,1,Alternative statement: I am not sure about the exact process name.,1.0,Hallucinated,0.0,0.5
b383c5de-8215-48ff-bb84-3aea3ecfd22f,q040,What is the SI unit of electric current?,model-a,model-a,same,1,The SI unit of electric current is the volt.,0.0,Reliable,0.0,0.5
b383c5de-8215-48ff-bb84-3aea3ecfd22f,q040,What is the SI unit of electric current?,model-a,model-b,cross,1,The SI unit of electric current is the volt.,1.0,Hallucinated,0.0,0.5
b383c5de-8215-48ff-bb84-3aea3ecfd22f,q040,What is the SI unit of electric current?,model-b,model-a,cross,1,Alternative statement: The SI unit of electric current is the volt.,0.0,Reliable,0.0,0.5
b383c5de-8215-48ff-bb84-3aea3ecfd22f,q040,What is the SI unit of electric current?,model-b,model-b,same,1,Alternative statement: The SI unit of electric current is the volt.,1.0,Hallucinated,0.0,0.5
