question_id,generator_model,same_model_score,cross_model_score,difference,same_label,cross_label,classification_flip,trial_num
q001,model-a,0.4,0.6,-0.2,Reliable,Hallucinated,True,1
q002,model-a,0.4,0.6,-0.2,Reliable,Hallucinated,True,1
q003,model-a,0.4,0.6,-0.2,Reliable,Hallucinated,True,1
q004,model-a,0.4,0.6,-0.2,Reliable,Hallucinated,True,1
q005,model-a,0.4,0.6,-0.2,Reliable,Hallucinated,True,1
q006,model-a,0.4,0.6,-0.2,Reliable,Hallucinated,True,1
q007,model-a,0.4,0.6,-0.2,Reliable,Hallucinated,True,1
q008,model-a,0.4,0.6,-0.2,Reliable,Hallucinated,True,1
q009,model-a,0.4,0.6,-0.2,Reliable,Hallucinated,True,1
q010,model-a,0.0,1.0,-1.0,Reliable,Hallucinated,True,1
q011,model-a,0.0,1.0,-1.0,Reliable,Hallucinated,True,1
q012,model-a,0.0,1.0,-1.0,Reliable,Hallucinated,True,1
q013,model-a,0.0,1.0,-1.0,Reliable,Hallucinated,True,1
q014,model-a,0.0,1.0,-1.0,Reliable,Hallucinated,True,1
q015,model-a,0.0,1.0,-1.0,Reliable,Hallucinated,True,1
q016,model-a,0.0,1.0,-1.0,Reliable,Hallucinated,True,1
q017,model-a,0.0,1.0,-1.0,Reliable,Hallucinated,True,1
q018,model-a,0.0,1.0,-1.0,Reliable,Hallucinated,True,1
q019,model-a,0.0,1.0,-1.0,Reliable,Hallucinated,True,1
q020,model-a,0.0,1.0,-1.0,Reliable,Hallucinated,True,1
q021,model-a,0.0,1.0,-1.0,Reliable,Hallucinated,True,1
q022,model-a,0.0,1.0,-1.0,Reliable,Hallucinated,True,1
q023,model-a,0.0,1.0,-1.0,Reliable,Hallucinated,True,1
q024,model-a,0.0,1.0,-1.0,Reliable,Hallucinated,True,1
q025,model-a,0.0,1.0,-1.0,Reliable,Hallucinated,True,1
q026,model-a,0.0,1.0,-1.0,Reliable,Hallucinated,True,1
q027,model-a,0.0,1.0,-1.0,Reliable,Hallucinated,True,1
q028,model-a,0.0,1.0,-1.0,Reliable,Hallucinated,True,1
q029,model-a,0.0,1.0,-1.0,Reliable,Hallucinated,True,1
q030,model-a,0.0,1.0,-1.0,Reliable,Hallucinated,True,1
q031,model-a,0.0,1.0,-1.0,Reliable,Hallucinated,True,1
q032,model-a,0.0,1.0,-1.0,Reliable,Hallucinated,True,1
q033,model-a,0.0,1.0,-1.0,Reliable,Hallucinated,True,1
q034,model-a,0.0,1.0,-1.0,Reliable,Hallucinated,True,1
q035,model-a,0.0,1.0,-1.0,Reliable,Hallucinated,True,1
q036,model-a,0.0,1.0,-1.0,Reliable,Hallucinated,True,1
q037,model-a,0.0,1.0,-1.0,Reliable,Hallucinated,True,1
q038,model-a,0.0,1.0,-1.0,Reliable,Hallucinated,True,1
q039,model-a,0.0,1.0,-1.0,Reliable,Hallucinated,True,1
q040,model-a,0.0,1.0,-1.0,Reliable,Hallucinated,True,1
q001,model-b,0.6,0.4,0.2,Hallucinated,Reliable,True,1
q002,model-b,0.6,0.4,0.2,Hallucinated,Reliable,True,1
q003,model-b,0.6,0.4,0.2,Hallucinated,Reliable,True,1
q004,model-b,0.6,0.4,0.2,Hallucinated,Reliable,True,1
q005,model-b,0.6,0.4,0.2,Hallucinated,Reliable,True,1
q006,model-b,0.6,0.4,0.2,Hallucinated,Reliable,True,1
q007,model-b,0.6,0.4,0.2,Hallucinated,Reliable,True,1
q008,model-b,0.6,0.4,0.2,Hallucinated,Reliable,True,1
q009,model-b,0.6,0.4,0.2,Hallucinated,Reliable,True,1
q010,model-b,1.0,0.0,1.0,Hallucinated,Reliable,True,1
q011,model-b,1.0,0.0,1.0,Hallucinated,Reliable,True,1
q012,model-b,1.0,0.0,1.0,Hallucinated,Reliable,True,1
q013,model-b,1.0,0.0,1.0,Hallucinated,Reliable,True,1
q014,model-b,1.0,0.0,1.0,Hallucinated,Reliable,True,1
q015,model-b,1.0,0.0,1.0,Hallucinated,Reliable,True,1
q016,model-b,1.0,0.0,1.0,Hallucinated,Reliable,True,1
q017,model-b,1.0,0.0,1.0,Hallucinated,Reliable,True,1
q018,model-b,1.0,0.0,1.0,Hallucinated,Reliable,True,1
q019,model-b,1.0,0.0,1.0,Hallucinated,Reliable,True,1
q020,model-b,1.0,0.0,1.0,Hallucinated,Reliable,True,1
q021,model-b,1.0,0.0,1.0,Hallucinated,Reliable,True,1
q022,model-b,1.0,0.0,1.0,Hallucinated,Reliable,True,1
q023,model-b,1.0,0.0,1.0,Hallucinated,Reliable,True,1
q024,model-b,1.0,0.0,1.0,Hallucinated,Reliable,True,1
q025,model-b,1.0,0.0,1.0,Hallucinated,Reliable,True,1
q026,model-b,1.0,0.0,1.0,Hallucinated,Reliable,True,1
q027,model-b,1.0,0.0,1.0,Hallucinated,Reliable,True,1
q028,model-b,1.0,0.0,1.0,Hallucinated,Reliable,True,1
q029,model-b,1.0,0.0,1.0,Hallucinated,Reliable,True,1
q030,model-b,1.0,0.0,1.0,Hallucinated,Reliable,True,1
q031,model-b,1.0,0.0,1.0,Hallucinated,Reliable,True,1
q032,model-b,1.0,0.0,1.0,Hallucinated,Reliable,True,1
q033,model-b,1.0,0.0,1.0,Hallucinated,Reliable,True,1
q034,model-b,1.0,0.0,1.0,Hallucinated,Reliable,True,1
q035,model-b,1.0,0.0,1.0,Hallucinated,Reliable,True,1
q036,model-b,1.0,0.0,1.0,Hallucinated,Reliable,True,1
q037,model-b,1.0,0.0,1.0,Hallucinated,Reliable,True,1
q038,model-b,1.0,0.0,1.0,Hallucinated,Reliable,True,1
q039,model-b,1.0,0.0,1.0,Hallucinated,Reliable,True,1
q040,model-b,1.0,0.0,1.0,Hallucinated,Reliable,True,1
